algorithm,pqc_adoption_pct,txs_per_block,effective_tps,ecdsa_inclusion_rate,pqc_inclusion_rate,fee_premium_pct,block_weight_utilization,critical_50pct_tps_threshold,fee_2x_threshold
FALCON-512,0.0,4683,7.805,0.3333,0.0,-100.0,0.9998,35.0,
FALCON-512,5.0,4018,6.697,0.2861,0.2834,4.33,1.0,35.0,
FALCON-512,10.0,3536,5.893,0.2521,0.2474,3.64,0.9999,35.0,
FALCON-512,15.0,3171,5.285,0.2285,0.2098,0.75,1.0,35.0,
FALCON-512,20.0,2768,4.613,0.1955,0.2033,-1.48,0.9999,35.0,
FALCON-512,25.0,2515,4.192,0.1792,0.1785,1.13,0.9999,35.0,
FALCON-512,30.0,2361,3.935,0.17,0.1633,-2.26,0.9998,35.0,
FALCON-512,35.0,2140,3.567,0.1535,0.1502,-0.73,1.0,35.0,
FALCON-512,40.0,1996,3.327,0.1422,0.1419,-1.26,0.9999,35.0,
FALCON-512,45.0,1883,3.138,0.1365,0.131,-2.02,0.9998,35.0,
FALCON-512,50.0,1733,2.888,0.1236,0.1231,0.4,0.9999,35.0,
FALCON-512,55.0,1610,2.683,0.1136,0.1154,-1.52,0.9998,35.0,
FALCON-512,60.0,1545,2.575,0.1129,0.108,4.06,0.9998,35.0,
FALCON-512,65.0,1450,2.417,0.1028,0.1034,3.68,0.9999,35.0,
FALCON-512,70.0,1399,2.332,0.105,0.0973,1.74,1.0,35.0,
FALCON-512,75.0,1313,2.188,0.092,0.094,-0.73,0.9998,35.0,
FALCON-512,80.0,1279,2.132,0.1005,0.0887,-3.22,0.9999,35.0,
FALCON-512,85.0,1201,2.002,0.0873,0.0852,-0.67,1.0,35.0,
FALCON-512,90.0,1156,1.927,0.0857,0.0819,1.51,0.9999,35.0,
FALCON-512,95.0,1102,1.837,0.0819,0.0783,-1.12,1.0,35.0,
FALCON-512,100.0,1061,1.768,0.0,0.0755,0.0,1.0,35.0,
FALCON-1024,0.0,4683,7.805,0.3333,0.0,-100.0,0.9998,15.0,
FALCON-1024,5.0,3439,5.732,0.244,0.2602,-1.04,0.9999,15.0,
FALCON-1024,10.0,2807,4.678,0.1999,0.1988,4.34,1.0,15.0,
FALCON-1024,15.0,2327,3.878,0.1665,0.1605,0.02,0.9999,15.0,
FALCON-1024,20.0,2014,3.357,0.1444,0.1392,2.36,0.9998,15.0,
FALCON-1024,25.0,1694,2.823,0.1205,0.1209,2.41,0.9998,15.0,
FALCON-1024,30.0,1583,2.638,0.115,0.1071,-1.83,0.9998,15.0,
FALCON-1024,35.0,1347,2.245,0.0954,0.0968,2.75,0.9999,15.0,
FALCON-1024,40.0,1264,2.107,0.0908,0.0887,-2.46,1.0,15.0,
FALCON-1024,45.0,1194,1.99,0.0889,0.0802,0.54,0.9999,15.0,
FALCON-1024,50.0,1034,1.723,0.0724,0.0748,0.1,0.9999,15.0,
FALCON-1024,55.0,965,1.608,0.0688,0.0686,-0.52,1.0,15.0,
FALCON-1024,60.0,888,1.48,0.0617,0.0642,-2.62,0.9999,15.0,
FALCON-1024,65.0,833,1.388,0.057,0.0605,3.72,1.0,15.0,
FALCON-1024,70.0,805,1.342,0.0594,0.0564,3.09,0.9999,15.0,
FALCON-1024,75.0,763,1.272,0.0561,0.0537,3.1,0.9999,15.0,
FALCON-1024,80.0,742,1.237,0.0624,0.0504,7.02,0.9998,15.0,
FALCON-1024,85.0,680,1.133,0.0501,0.0481,-0.15,1.0,15.0,
FALCON-1024,90.0,652,1.087,0.0501,0.046,-2.48,0.9999,15.0,
FALCON-1024,95.0,624,1.04,0.0618,0.0436,-0.59,0.9999,15.0,
FALCON-1024,100.0,589,0.982,0.0,0.0419,0.0,0.9998,15.0,
Dilithium2 (ML-DSA-44),0.0,4683,7.805,0.3333,0.0,-100.0,0.9998,15.0,
Dilithium2 (ML-DSA-44),5.0,3256,5.427,0.2311,0.2442,-1.61,0.9998,15.0,
Dilithium2 (ML-DSA-44),10.0,2551,4.252,0.1812,0.1848,2.54,0.9998,15.0,
Dilithium2 (ML-DSA-44),15.0,2135,3.558,0.1537,0.142,1.36,0.9999,15.0,
Dilithium2 (ML-DSA-44),20.0,1770,2.95,0.1264,0.1243,0.07,0.9999,15.0,
Dilithium2 (ML-DSA-44),25.0,1473,2.455,0.1044,0.1063,1.01,1.0,15.0,
Dilithium2 (ML-DSA-44),30.0,1379,2.298,0.1001,0.0934,-3.88,0.9999,15.0,
Dilithium2 (ML-DSA-44),35.0,1158,1.93,0.0817,0.0837,2.87,0.9998,15.0,
Dilithium2 (ML-DSA-44),40.0,1090,1.817,0.0784,0.0763,-3.17,0.9998,15.0,
Dilithium2 (ML-DSA-44),45.0,1022,1.703,0.0759,0.0688,0.9,0.9998,15.0,
Dilithium2 (ML-DSA-44),50.0,886,1.477,0.0625,0.0637,1.36,0.9998,15.0,
Dilithium2 (ML-DSA-44),55.0,827,1.378,0.0597,0.0582,-0.15,0.9999,15.0,
Dilithium2 (ML-DSA-44),60.0,759,1.265,0.0536,0.0543,-0.69,0.9999,15.0,
Dilithium2 (ML-DSA-44),65.0,691,1.152,0.0452,0.0513,-0.39,0.9999,15.0,
Dilithium2 (ML-DSA-44),70.0,683,1.138,0.051,0.0476,4.55,1.0,15.0,
Dilithium2 (ML-DSA-44),75.0,640,1.067,0.0463,0.0453,2.87,0.9999,15.0,
Dilithium2 (ML-DSA-44),80.0,632,1.053,0.0553,0.0424,5.45,1.0,15.0,
Dilithium2 (ML-DSA-44),85.0,572,0.953,0.0424,0.0404,0.26,0.9999,15.0,
Dilithium2 (ML-DSA-44),90.0,547,0.912,0.0418,0.0386,-0.17,1.0,15.0,
Dilithium2 (ML-DSA-44),95.0,521,0.868,0.0479,0.0366,-2.95,0.9998,15.0,
Dilithium2 (ML-DSA-44),100.0,493,0.822,0.0,0.0351,0.0,0.9993,15.0,
Dilithium3 (ML-DSA-65),0.0,4683,7.805,0.3333,0.0,-100.0,0.9998,10.0,
Dilithium3 (ML-DSA-65),5.0,2818,4.697,0.1993,0.2253,-3.63,1.0,10.0,
Dilithium3 (ML-DSA-65),10.0,2143,3.572,0.1522,0.1554,3.24,0.9998,10.0,
Dilithium3 (ML-DSA-65),15.0,1746,2.91,0.1258,0.1155,0.71,0.9999,10.0,
Dilithium3 (ML-DSA-65),20.0,1385,2.308,0.0984,0.0993,-0.36,0.9999,10.0,
Dilithium3 (ML-DSA-65),25.0,1132,1.887,0.0798,0.0829,-0.69,0.9998,10.0,
Dilithium3 (ML-DSA-65),30.0,1084,1.807,0.0794,0.0718,-0.72,0.9999,10.0,
Dilithium3 (ML-DSA-65),35.0,916,1.527,0.0663,0.0631,7.59,1.0,10.0,
Dilithium3 (ML-DSA-65),40.0,843,1.405,0.0616,0.0575,-3.57,0.9998,10.0,
Dilithium3 (ML-DSA-65),45.0,759,1.265,0.0556,0.0521,1.02,0.9999,10.0,
Dilithium3 (ML-DSA-65),50.0,663,1.105,0.0468,0.0476,-1.77,0.9999,10.0,
Dilithium3 (ML-DSA-65),55.0,627,1.045,0.0464,0.0432,-0.48,1.0,10.0,
Dilithium3 (ML-DSA-65),60.0,579,0.965,0.0429,0.0401,3.17,1.0,10.0,
Dilithium3 (ML-DSA-65),65.0,518,0.863,0.0352,0.0378,1.73,0.9998,10.0,
Dilithium3 (ML-DSA-65),70.0,494,0.823,0.0351,0.0352,1.9,0.9998,10.0,
Dilithium3 (ML-DSA-65),75.0,470,0.783,0.0339,0.0333,6.72,0.9998,10.0,
Dilithium3 (ML-DSA-65),80.0,446,0.743,0.0335,0.0313,-3.49,0.9999,10.0,
Dilithium3 (ML-DSA-65),85.0,422,0.703,0.0328,0.0296,1.78,0.9999,10.0,
Dilithium3 (ML-DSA-65),90.0,410,0.683,0.0383,0.0281,8.81,0.9999,10.0,
Dilithium3 (ML-DSA-65),95.0,386,0.643,0.0448,0.0266,6.58,0.9999,10.0,
Dilithium3 (ML-DSA-65),100.0,359,0.598,0.0,0.0256,0.0,0.9993,10.0,
Dilithium5 (ML-DSA-87),0.0,4683,7.805,0.3333,0.0,-100.0,0.9998,10.0,
Dilithium5 (ML-DSA-87),5.0,2444,4.073,0.1728,0.1962,-5.02,0.9998,10.0,
Dilithium5 (ML-DSA-87),10.0,1764,2.94,0.1251,0.1296,2.13,0.9998,10.0,
Dilithium5 (ML-DSA-87),15.0,1383,2.305,0.0992,0.0942,3.76,0.9999,10.0,
Dilithium5 (ML-DSA-87),20.0,1084,1.807,0.0768,0.0787,-1.69,0.9998,10.0,
Dilithium5 (ML-DSA-87),25.0,885,1.475,0.0625,0.0644,0.64,0.9998,10.0,
Dilithium5 (ML-DSA-87),30.0,852,1.42,0.0628,0.0555,0.56,0.9999,10.0,
Dilithium5 (ML-DSA-87),35.0,653,1.088,0.0451,0.049,0.02,0.9999,10.0,
Dilithium5 (ML-DSA-87),40.0,653,1.088,0.0482,0.0438,-2.13,0.9999,10.0,
Dilithium5 (ML-DSA-87),45.0,587,0.978,0.0437,0.0395,1.24,1.0,10.0,
Dilithium5 (ML-DSA-87),50.0,504,0.84,0.0359,0.0359,-0.42,0.9999,10.0,
Dilithium5 (ML-DSA-87),55.0,471,0.785,0.0347,0.0326,1.64,1.0,10.0,
Dilithium5 (ML-DSA-87),60.0,437,0.728,0.0327,0.0301,5.83,0.9998,10.0,
Dilithium5 (ML-DSA-87),65.0,388,0.647,0.0264,0.0283,-1.22,1.0,10.0,
Dilithium5 (ML-DSA-87),70.0,371,0.618,0.0267,0.0263,3.81,0.9999,10.0,
Dilithium5 (ML-DSA-87),75.0,355,0.592,0.0265,0.0248,8.87,1.0,10.0,
Dilithium5 (ML-DSA-87),80.0,338,0.563,0.0271,0.0233,2.7,0.9999,10.0,
Dilithium5 (ML-DSA-87),85.0,321,0.535,0.028,0.022,5.03,0.9998,10.0,
Dilithium5 (ML-DSA-87),90.0,305,0.508,0.0286,0.0209,4.23,0.9999,10.0,
Dilithium5 (ML-DSA-87),95.0,288,0.48,0.0355,0.0198,14.38,0.9999,10.0,
Dilithium5 (ML-DSA-87),100.0,266,0.443,0.0,0.0189,0.0,0.9987,10.0,
SPHINCS+-128s,0.0,4683,7.805,0.3333,0.0,-100.0,0.9998,5.0,
SPHINCS+-128s,5.0,2332,3.887,0.1649,0.1875,-4.48,0.9999,5.0,
SPHINCS+-128s,10.0,1676,2.793,0.1191,0.1215,2.46,0.9999,5.0,
SPHINCS+-128s,15.0,1293,2.155,0.0927,0.0881,3.13,0.9999,5.0,
SPHINCS+-128s,20.0,1020,1.7,0.0725,0.0729,-2.95,1.0,5.0,
SPHINCS+-128s,25.0,819,1.365,0.0579,0.0596,1.51,0.9999,5.0,
SPHINCS+-128s,30.0,801,1.335,0.0595,0.0512,1.71,0.9999,5.0,
SPHINCS+-128s,35.0,619,1.032,0.0436,0.045,3.36,1.0,5.0,
SPHINCS+-128s,40.0,619,1.032,0.0466,0.0402,-2.75,1.0,5.0,
SPHINCS+-128s,45.0,546,0.91,0.041,0.0363,2.19,0.9999,5.0,
SPHINCS+-128s,50.0,455,0.758,0.0317,0.033,-0.5,1.0,5.0,
SPHINCS+-128s,55.0,436,0.727,0.0325,0.0299,3.65,0.9998,5.0,
SPHINCS+-128s,60.0,400,0.667,0.0298,0.0276,6.91,0.9999,5.0,
SPHINCS+-128s,65.0,364,0.607,0.026,0.0259,-0.63,1.0,5.0,
SPHINCS+-128s,70.0,345,0.575,0.0257,0.0241,6.09,0.9998,5.0,
SPHINCS+-128s,75.0,309,0.515,0.0195,0.0228,3.25,0.9999,5.0,
SPHINCS+-128s,80.0,309,0.515,0.0246,0.0213,0.44,0.9999,5.0,
SPHINCS+-128s,85.0,291,0.485,0.0241,0.0201,1.93,1.0,5.0,
SPHINCS+-128s,90.0,272,0.453,0.0209,0.0192,-4.38,0.9998,5.0,
SPHINCS+-128s,95.0,272,0.453,0.0464,0.0181,19.52,0.9998,5.0,
SPHINCS+-128s,100.0,243,0.405,0.0,0.0173,0.0,0.9975,5.0,
SPHINCS+-256s,0.0,4683,7.805,0.3333,0.0,-100.0,0.9998,5.0,
SPHINCS+-256s,5.0,1130,1.883,0.0808,0.0741,11.25,0.9999,5.0,
SPHINCS+-256s,10.0,573,0.955,0.0405,0.0434,4.13,1.0,5.0,
SPHINCS+-256s,15.0,364,0.607,0.0253,0.0294,5.39,1.0,5.0,
SPHINCS+-256s,20.0,364,0.607,0.0267,0.0225,3.9,1.0,5.0,
SPHINCS+-256s,25.0,224,0.373,0.0152,0.018,0.92,0.9999,5.0,
SPHINCS+-256s,30.0,294,0.49,0.0234,0.0151,0.25,0.9999,5.0,
SPHINCS+-256s,35.0,224,0.373,0.0176,0.0129,13.79,0.9999,5.0,
SPHINCS+-256s,40.0,224,0.373,0.0188,0.0115,7.56,0.9999,5.0,
SPHINCS+-256s,45.0,155,0.258,0.0116,0.0104,-3.04,1.0,5.0,
SPHINCS+-256s,50.0,155,0.258,0.0128,0.0093,20.75,1.0,5.0,
SPHINCS+-256s,55.0,155,0.258,0.0144,0.0083,8.32,1.0,5.0,
SPHINCS+-256s,60.0,155,0.258,0.0162,0.0076,23.42,1.0,5.0,
SPHINCS+-256s,65.0,155,0.258,0.0184,0.0071,33.65,1.0,5.0,
SPHINCS+-256s,70.0,155,0.258,0.0216,0.0066,46.26,1.0,5.0,
SPHINCS+-256s,75.0,85,0.142,0.0054,0.0063,10.23,0.9999,5.0,
SPHINCS+-256s,80.0,85,0.142,0.0068,0.0059,-3.94,0.9999,5.0,
SPHINCS+-256s,85.0,85,0.142,0.0092,0.0055,1.18,0.9999,5.0,
SPHINCS+-256s,90.0,85,0.142,0.0132,0.0052,16.13,0.9999,5.0,
SPHINCS+-256s,95.0,85,0.142,0.0294,0.0049,59.98,0.9999,5.0,
SPHINCS+-256s,100.0,66,0.11,0.0,0.0047,0.0,0.9959,5.0,
