chain,pqc_fraction,seed,num_blocks,avg_block_size_bytes,avg_txs_per_block,avg_propagation_p50_ms,avg_propagation_p90_ms,avg_propagation_p95_ms,stale_rate,effective_tps,avg_verification_time_ms,max_verification_time_ms,verification_failure_rate,verification_failures,block_time_ms,mempool_total_accepted,mempool_total_evicted,mempool_total_rejected,mempool_final_size_bytes,mempool_final_tx_count,total_tx_generated,algo_counts_Ed25519,algo_distribution_Ed25519,algo_counts_ML-DSA-44,algo_counts_ML-DSA-65,algo_counts_SLH-DSA-128f,algo_distribution_ML-DSA-44,algo_distribution_ML-DSA-65,algo_distribution_SLH-DSA-128f
solana,0.0,1,25,72369.36,209.16,134.91157764777364,199.98448186058448,226.5138396732174,0.44,522.9,1.2638,7.1682,0.0,0,400,5229,0,0,0,0,5229,5229,1.0,,,,,,
solana,0.0,2,25,72660.0,210.0,159.39034101161474,230.0648640776271,254.90246677382402,0.72,525.0,1.5858,7.2758,0.0,0,400,5250,0,0,0,0,5250,5250,1.0,,,,,,
solana,0.0,3,25,71898.8,207.8,142.25036319622382,206.45098240604977,231.96201204970973,0.48,519.5,1.4161,6.8213,0.0,0,400,5195,0,0,0,0,5195,5195,1.0,,,,,,
solana,0.0,4,25,71871.12,207.72,130.39212459226275,203.61792104031744,221.86803257261275,0.36,519.3,1.3342,7.0899,0.0,0,400,5193,0,0,0,0,5193,5193,1.0,,,,,,
solana,0.0,5,25,70473.28,203.68,155.8877939088099,225.00547981367575,242.61963803983977,0.8,509.20000000000005,1.3822,7.202,0.0,0,400,5092,0,0,0,0,5092,5092,1.0,,,,,,
solana,0.0,6,25,72743.04,210.24,135.7844480399898,217.191877818793,231.46580561458995,0.48,525.6,1.3835,7.4907,0.0,0,400,5256,0,0,0,0,5256,5256,1.0,,,,,,
solana,0.0,7,25,72397.04,209.24,151.00526651163386,221.45196275965702,244.4022569128534,0.64,523.1,1.4272,6.8617,0.0,0,400,5231,0,0,0,0,5231,5231,1.0,,,,,,
solana,0.0,8,25,72992.16,210.96,145.23003098305253,215.16690263041198,228.15608219359143,0.48,527.4,1.3737,7.579,0.0,0,400,5274,0,0,0,0,5274,5274,1.0,,,,,,
solana,0.0,9,25,72092.56,208.36,139.88892943326758,215.80036005475955,228.3397369279312,0.52,520.9000000000001,1.1832,7.5242,0.0,0,400,5209,0,0,0,0,5209,5209,1.0,,,,,,
solana,0.0,10,25,72189.44,208.64,153.4557111875863,215.53374779980172,235.01181126014671,0.72,521.5999999999999,1.2508,7.0837,0.0,0,400,5216,0,0,0,0,5216,5216,1.0,,,,,,
solana,0.05,1,25,136760.16,209.16,141.38867706090753,201.41277395686416,226.14128632876566,0.56,522.9,1.4926,8.8679,0.0,0,400,5229,0,0,0,0,5229,4988,0.953910881621725,78,122,41,0.01491681009753299,0.023331420921782368,0.007840887358959648
solana,0.05,2,25,144453.88,210.0,177.72541925231465,254.6020021827599,283.1170124728036,0.92,525.0,1.8972,8.7674,0.0,0,400,5250,0,0,0,0,5250,4997,0.9518095238095238,75,127,51,0.014285714285714285,0.02419047619047619,0.009714285714285713
solana,0.05,3,25,142250.84,207.8,138.97879522360572,217.81296460732068,244.72575942947492,0.68,519.5,1.6923,8.542,0.0,0,400,5195,0,0,0,0,5195,4936,0.9501443695861406,80,133,46,0.015399422521655439,0.025601539942252165,0.008854667949951878
solana,0.05,4,25,156686.44,207.72,139.8089771561662,218.36950502141667,240.43887799391698,0.68,519.3,1.6409,8.3337,0.0,0,400,5193,0,0,0,0,5193,4900,0.943577893317928,98,131,64,0.01887155786635856,0.0252262661274793,0.012324282688234161
solana,0.05,5,25,143069.16,203.68,172.2009287554208,234.7569588052875,253.52936237901085,0.8,509.20000000000005,1.6669,8.6822,0.0,0,400,5092,0,0,0,0,5092,4838,0.9501178318931658,73,129,52,0.014336213668499607,0.025333857030636293,0.01021209740769835
solana,0.05,6,25,142848.0,210.24,139.70004085329077,215.6332951015083,230.53668523328025,0.56,525.6,1.648,8.8287,0.0,0,400,5256,0,0,0,0,5256,5006,0.9524353120243532,77,124,49,0.014649923896499238,0.02359208523592085,0.009322678843226788
solana,0.05,7,25,144004.96,209.24,154.21995620748064,223.92045345762943,240.20457422210023,0.76,523.1,1.7205,8.4955,0.0,0,400,5231,0,0,0,0,5231,4943,0.9449436054291722,103,146,39,0.019690307780539092,0.027910533358822404,0.007455553431466259
solana,0.05,8,25,144686.96,210.96,165.5016319303468,236.3028846335852,252.0321598822407,0.76,527.4,1.6361,9.019,0.0,0,400,5274,0,0,0,0,5274,5031,0.9539249146757679,74,114,55,0.014031095942358742,0.02161547212741752,0.010428517254455821
solana,0.05,9,25,139587.04,208.36,147.62898277804896,225.12681252643225,238.2614649270082,0.72,520.9000000000001,1.4128,9.118,0.0,0,400,5209,0,0,0,0,5209,4957,0.951622192359378,72,138,42,0.013822230754463429,0.026492608946054905,0.008062967940103668
solana,0.05,10,25,145107.32,208.64,163.26522066227784,222.63292107556927,247.1885919256786,0.64,521.5999999999999,1.5026,8.1744,0.0,0,400,5216,0,0,0,0,5216,4970,0.9528374233128835,64,127,55,0.012269938650306749,0.024348159509202456,0.010544478527607362
solana,0.1,1,25,220869.28,209.16,155.92186515250106,220.57654833632884,242.48530168016717,0.8,522.9,1.7784,10.1611,0.0,0,400,5229,0,0,0,0,5229,4715,0.9017020462803595,151,254,109,0.028877414419583095,0.048575253394530504,0.02084528590552687
solana,0.1,2,25,225469.84,210.0,179.72721345221763,258.40134063142034,276.5450412773716,0.92,525.0,2.2578,10.3559,0.0,0,400,5250,0,0,0,0,5250,4716,0.8982857142857142,140,286,108,0.02666666666666667,0.05447619047619048,0.02057142857142857
solana,0.1,3,25,206702.16,207.8,141.93154103303675,210.80713766848837,242.07568327195867,0.68,519.5,1.951,9.6113,0.0,0,400,5195,0,0,0,0,5195,4695,0.9037536092396535,157,256,87,0.030221366698748798,0.0492781520692974,0.016746871992300287
solana,0.1,4,25,231657.32,207.72,148.3675971212696,230.110689871425,248.89603806028265,0.76,519.3,1.9127,10.3487,0.0,0,400,5193,0,0,0,0,5193,4646,0.8946658963989986,171,255,121,0.03292894280762565,0.049104563835932986,0.02330059695744271
solana,0.1,5,25,210917.72,203.68,168.52872080479978,232.77860209882155,252.59915854553842,0.8,509.20000000000005,1.9296,10.4733,0.0,0,400,5092,0,0,0,0,5092,4599,0.9031814611154753,142,251,100,0.02788688138256088,0.0492930086410055,0.019638648860958365
solana,0.1,6,25,214886.4,210.24,142.9270700648104,225.76834023580454,241.5043560769432,0.72,525.6,1.9281,10.2504,0.0,0,400,5256,0,0,0,0,5256,4742,0.90220700152207,154,264,96,0.029299847792998476,0.0502283105022831,0.0182648401826484
solana,0.1,7,25,222329.04,209.24,172.89422145645244,247.35684041316588,263.2638423007257,0.88,523.1,2.0344,10.4075,0.0,0,400,5231,0,0,0,0,5231,4658,0.8904607149684572,179,304,90,0.03421907857006309,0.058115083158095965,0.017205123303383675
solana,0.1,8,25,206925.44,210.96,158.0015705418079,239.27534551408084,252.25759535031517,0.88,527.4,1.8833,10.4218,0.0,0,400,5274,0,0,0,0,5274,4782,0.906712172923777,152,252,88,0.02882062950322336,0.04778156996587031,0.016685627607129314
solana,0.1,9,25,215045.36,208.36,142.55345815223802,216.39183052457315,231.84988693553905,0.64,520.9000000000001,1.6631,10.5759,0.0,0,400,5209,0,0,0,0,5209,4674,0.8972931464772509,165,280,90,0.031675945478978694,0.05375311960069111,0.017277788443079287
solana,0.1,10,25,217010.64,208.64,155.64996931859437,212.48500356582772,232.76751243623949,0.6,521.5999999999999,1.7415,9.1412,0.0,0,400,5216,0,0,0,0,5216,4728,0.906441717791411,139,238,111,0.026648773006134968,0.04562883435582822,0.021280674846625765
solana,0.15,1,25,289401.36,209.16,164.04385396547406,226.34351490513163,248.94074654744566,0.8,522.9,2.0135,11.2819,0.0,0,400,5229,0,0,0,0,5229,4477,0.8561866513673743,221,372,159,0.04226429527634347,0.07114170969592656,0.030407343660355707
solana,0.15,2,25,301879.88,210.0,199.29383984055428,269.9239198082362,292.5019090133052,1.0,525.0,2.5894,11.7383,0.0,0,400,5250,0,0,0,0,5250,4453,0.8481904761904762,212,421,164,0.04038095238095238,0.08019047619047619,0.03123809523809524
solana,0.15,3,25,274381.6,207.8,143.95010493810062,218.9445636818419,245.68751225444962,0.68,519.5,2.2313,11.1599,0.0,0,400,5195,0,0,0,0,5195,4427,0.8521655437921078,249,394,125,0.04793070259865255,0.07584215591915303,0.02406159769008662
solana,0.15,4,25,300697.84,207.72,140.50637736663987,216.1582946024329,232.42678769180569,0.56,519.3,2.173,13.1847,0.0,0,400,5193,0,0,0,0,5193,4394,0.8461390333140767,241,392,166,0.046408626997881765,0.07548623146543423,0.031966108222607356
solana,0.15,5,25,299656.52,203.68,170.61274616329408,234.81387271396173,245.55015553003096,0.84,509.20000000000005,2.2675,12.3391,0.0,0,400,5092,0,0,0,0,5092,4295,0.8434799685781619,244,385,168,0.047918303220738416,0.07560879811468971,0.032992930086410056
solana,0.15,6,25,294578.48,210.24,148.86523810508018,222.57038953915446,239.90886147869296,0.68,525.6,2.2274,11.6721,0.0,0,400,5256,0,0,0,0,5256,4454,0.8474124809741248,249,402,151,0.04737442922374429,0.07648401826484018,0.028729071537290714
solana,0.15,7,25,293068.6,209.24,169.81832658903915,253.38065691409622,268.4759558595664,0.96,523.1,2.3179,11.775,0.0,0,400,5231,0,0,0,0,5231,4398,0.8407570254253489,256,441,136,0.04893901739629134,0.08430510418658001,0.025998852991779776
solana,0.15,8,25,286840.96,210.96,166.20305486467493,239.99549429492288,252.43205648965258,0.8,527.4,2.1859,11.7253,0.0,0,400,5274,0,0,0,0,5274,4511,0.8553280242700038,209,408,146,0.03962836556693212,0.07736063708759955,0.027682973075464544
solana,0.15,9,25,280109.56,208.36,143.64267246714755,227.37657248465638,236.07521149122468,0.84,520.9000000000001,1.8739,11.7496,0.0,0,400,5209,0,0,0,0,5209,4439,0.8521789210980995,235,401,134,0.04511422537915147,0.07698214628527549,0.025724707237473603
solana,0.15,10,25,290862.64,208.64,155.39364523274702,217.1491483543385,241.91093869276992,0.72,521.5999999999999,1.9925,10.3312,0.0,0,400,5216,0,0,0,0,5216,4471,0.857170245398773,225,354,166,0.04313650306748466,0.0678680981595092,0.031825153374233126
solana,0.2,1,25,368632.84,209.16,149.29712032433483,218.28463036801293,242.7539404236599,0.8,522.9,2.2831,12.3658,0.0,0,400,5229,0,0,0,0,5229,4206,0.8043602983362019,305,499,219,0.05832855230445592,0.09542933639319182,0.04188181296615032
solana,0.2,2,25,383102.88,210.0,188.47601214259842,267.5298561374543,286.75563781665005,0.96,525.0,2.9337,13.1935,0.0,0,400,5250,0,0,0,0,5250,4179,0.796,289,556,226,0.05504761904761905,0.1059047619047619,0.04304761904761905
solana,0.2,3,25,348761.56,207.8,146.27669977032568,223.45809302646055,254.81104560758416,0.72,519.5,2.5161,12.4504,0.0,0,400,5195,0,0,0,0,5195,4177,0.8040423484119346,326,509,183,0.06275264677574591,0.09797882579403272,0.03522617901828681
solana,0.2,4,25,372291.96,207.72,144.52844534089363,221.65393824095688,238.50415440910336,0.76,519.3,2.4275,14.64,0.0,0,400,5193,0,0,0,0,5193,4154,0.7999229732331985,330,485,224,0.0635470826112074,0.0933949547467745,0.04313498940881957
solana,0.2,5,25,371181.36,203.68,180.55626367661156,251.1170363651484,269.7954622564736,0.92,509.20000000000005,2.5438,13.5706,0.0,0,400,5092,0,0,0,0,5092,4041,0.7935978004713276,319,514,218,0.06264728986645719,0.10094265514532601,0.04281225451688924
solana,0.2,6,25,375622.36,210.24,139.50523096894537,222.81357156722012,241.46757669927646,0.84,525.6,2.5338,12.9624,0.0,0,400,5256,0,0,0,0,5256,4169,0.7931887366818874,335,543,209,0.06373668188736682,0.10331050228310502,0.03976407914764079
solana,0.2,7,25,371451.72,209.24,178.67340375654655,258.1520892750421,282.6490858193252,1.0,523.1,2.6258,13.3725,0.0,0,400,5231,0,0,0,0,5231,4119,0.7874211431848595,342,579,191,0.06537946855285796,0.1106862932517683,0.036513095010514245
solana,0.2,8,25,369434.52,210.96,174.51922781305092,252.7125400242619,268.4945877195729,0.88,527.4,2.4819,13.8482,0.0,0,400,5274,0,0,0,0,5274,4236,0.8031854379977247,306,519,213,0.05802047781569966,0.09840728100113766,0.040386803185438
solana,0.2,9,25,350560.8,208.36,155.43905216827542,233.87970695320243,250.88904405706063,0.8,520.9000000000001,2.1142,13.0839,0.0,0,400,5209,0,0,0,0,5209,4183,0.8030332117488962,311,534,181,0.0597043578421962,0.10251487809560376,0.0347475523133039
solana,0.2,10,25,367808.2,208.64,161.3782675634685,231.0160337476536,252.057665819752,0.88,521.5999999999999,2.2569,11.8557,0.0,0,400,5216,0,0,0,0,5216,4208,0.8067484662576687,296,489,223,0.05674846625766871,0.09375,0.04275306748466258
solana,0.25,1,25,444997.6,209.16,154.9416145319756,230.45986946683038,252.41072378139296,0.92,522.9,2.5479,13.696,0.0,0,400,5229,0,0,0,0,5229,3942,0.7538726333907056,389,622,276,0.07439280933256837,0.11895199847007076,0.052782558806655194
solana,0.25,2,25,449599.64,210.0,209.07707518768737,278.19393474848334,305.6062239710068,1.0,525.0,3.2275,14.8306,0.0,0,400,5250,0,0,0,0,5250,3937,0.7499047619047619,367,675,271,0.0699047619047619,0.12857142857142856,0.05161904761904762
solana,0.25,3,25,423975.48,207.8,151.9757902022091,236.22989304436837,264.4964321810337,0.96,519.5,2.802,13.6057,0.0,0,400,5195,0,0,0,0,5195,3918,0.754186717998075,412,625,240,0.0793070259865255,0.12030798845043311,0.04619826756496631
solana,0.25,4,25,447301.64,207.72,177.82293645754024,254.55846098837776,275.9865625778208,0.84,519.3,2.688,15.4733,0.0,0,400,5193,0,0,0,0,5193,3916,0.7540920469863277,395,595,287,0.07606393221644521,0.11457731561717698,0.055266705180050064
solana,0.25,5,25,454699.44,203.68,202.11885968145577,273.34482579050416,284.52321825500076,1.0,509.20000000000005,2.8685,14.9886,0.0,0,400,5092,0,0,0,0,5092,3759,0.7382168106834249,401,650,282,0.07875098193244305,0.12765121759622938,0.05538098978790259
solana,0.25,6,25,441864.24,210.24,160.931063307588,242.2736006144997,254.63820296061735,0.92,525.6,2.7907,14.5633,0.0,0,400,5256,0,0,0,0,5256,3917,0.7452435312024354,412,678,249,0.07838660578386605,0.12899543378995434,0.04737442922374429
solana,0.25,7,25,442533.64,209.24,193.78380959801655,274.4636344586034,292.04795566551525,0.96,523.1,2.8987,15.224,0.0,0,400,5231,0,0,0,0,5231,3870,0.739820302045498,423,695,243,0.08086407952590327,0.13286178550946282,0.04645383291913592
solana,0.25,8,25,436279.16,210.96,178.82758365757275,257.6391878202892,276.7651651075214,0.84,527.4,2.7382,14.9407,0.0,0,400,5274,0,0,0,0,5274,3995,0.7574895714827455,367,655,257,0.06958665149791429,0.12419416003033751,0.048729616989002654
solana,0.25,9,25,413973.04,208.36,141.50219912947676,239.02823978339057,251.49526651733999,1.0,520.9000000000001,2.3287,14.5912,0.0,0,400,5209,0,0,0,0,5209,3934,0.7552313303897101,401,656,218,0.07698214628527549,0.12593588020733346,0.041850643117680934
solana,0.25,10,25,450448.4,208.64,183.61558227937962,257.9985927051423,277.12697876022236,0.92,521.5999999999999,2.5461,13.4795,0.0,0,400,5216,0,0,0,0,5216,3915,0.7505751533742331,375,646,280,0.0718941717791411,0.12384969325153375,0.05368098159509203
solana,0.3,1,25,523473.32,209.16,180.4080144981056,256.24895409633564,278.40355839228766,1.0,522.9,2.8099,14.8291,0.0,0,400,5229,0,0,0,0,5229,3668,0.7014725568942436,480,747,334,0.09179575444635686,0.14285714285714285,0.06387454580225664
solana,0.3,2,25,517867.56,210.0,213.99105898489225,287.13621539078804,306.79167805820947,1.0,525.0,3.5262,16.4434,0.0,0,400,5250,0,0,0,0,5250,3676,0.7001904761904761,449,813,312,0.08552380952380953,0.15485714285714286,0.05942857142857143
solana,0.3,3,25,492826.76,207.8,169.5034452544546,251.42525894578907,289.6389509675791,0.92,519.5,3.0786,15.5722,0.0,0,400,5195,0,0,0,0,5195,3660,0.7045235803657363,482,771,282,0.09278152069297402,0.14841193455245427,0.05428296438883542
solana,0.3,4,25,519537.08,207.72,152.79433521159174,227.94127083069318,244.6503161407292,0.72,519.3,2.9453,16.5928,0.0,0,400,5193,0,0,0,0,5193,3677,0.7080685538224533,470,701,345,0.09050645099171963,0.1349894088195648,0.06643558636626228
solana,0.3,5,25,528727.88,203.68,189.21720741290545,268.03134633914806,281.92409689520844,0.96,509.20000000000005,3.156,16.3693,0.0,0,400,5092,0,0,0,0,5092,3498,0.6869599371563236,482,777,335,0.09465828750981932,0.15259230164964652,0.06578947368421052
solana,0.3,6,25,503948.24,210.24,154.95761257502716,237.34759208526987,255.39022541660185,0.92,525.6,3.0298,15.8296,0.0,0,400,5256,0,0,0,0,5256,3682,0.7005327245053272,492,794,288,0.09360730593607305,0.1510654490106545,0.0547945205479452
solana,0.3,7,25,508821.88,209.24,190.19770844203376,273.98233064118403,296.73795069088897,1.0,523.1,3.1665,15.7081,0.0,0,400,5231,0,0,0,0,5231,3627,0.693366469126362,500,817,287,0.09558401835213153,0.1561842859873829,0.05486522653412349
solana,0.3,8,25,507215.52,210.96,193.9224183320826,269.8337121487614,289.3960988459274,0.96,527.4,3.0072,15.7973,0.0,0,400,5274,0,0,0,0,5274,3734,0.708001516875237,452,784,304,0.0857034508911642,0.14865377322715206,0.05764125900644672
solana,0.3,9,25,496989.16,208.36,147.0375494695467,240.28158447251695,253.7764545468275,0.84,520.9000000000001,2.5958,15.1101,0.0,0,400,5209,0,0,0,0,5209,3651,0.7009022845075831,479,799,280,0.09195622960261086,0.15338836628911498,0.05375311960069111
solana,0.3,10,25,512064.96,208.64,181.99747191219205,248.9798556726141,267.69744378516907,1.0,521.5999999999999,2.7667,15.1652,0.0,0,400,5216,0,0,0,0,5216,3673,0.7041794478527608,463,764,316,0.08876533742331288,0.1464723926380368,0.06058282208588957
solana,0.35,1,25,602900.52,209.16,175.72389100661857,255.83705359735933,276.2462096238364,0.92,522.9,3.0895,15.7159,0.0,0,400,5229,0,0,0,0,5229,3388,0.6479250334672021,560,891,390,0.107095046854083,0.1703958691910499,0.07458405048766495
solana,0.35,2,25,595012.48,210.0,202.91935256328554,284.10485219004727,309.8270543334947,1.0,525.0,3.8623,18.3715,0.0,0,400,5250,0,0,0,0,5250,3414,0.6502857142857142,529,936,371,0.10076190476190476,0.1782857142857143,0.07066666666666667
solana,0.35,3,25,567922.2,207.8,172.32079349838259,253.27686759136432,286.9012844439292,1.0,519.5,3.3611,16.8382,0.0,0,400,5195,0,0,0,0,5195,3403,0.6550529355149182,571,881,340,0.1099133782483157,0.1695861405197305,0.06544754571703561
solana,0.35,4,25,596470.8,207.72,171.2436851220082,250.12698307985127,266.0027685016843,0.92,519.3,3.2366,17.3764,0.0,0,400,5193,0,0,0,0,5193,3399,0.6545349508954361,553,844,397,0.1064895051030233,0.16252647795108802,0.07644906605045253
solana,0.35,5,25,598084.76,203.68,201.8914555752398,269.6605634273541,289.537501139925,1.0,509.20000000000005,3.4253,17.8495,0.0,0,400,5092,0,0,0,0,5092,3251,0.6384524744697565,569,887,385,0.1117439120188531,0.1741948153967007,0.07560879811468971
solana,0.35,6,25,577710.2,210.24,158.4997791868943,239.71838034593733,255.66825489158683,0.92,525.6,3.3032,16.7495,0.0,0,400,5256,0,0,0,0,5256,3422,0.6510654490106544,574,919,341,0.10920852359208523,0.17484779299847794,0.06487823439878235
solana,0.35,7,25,587732.84,209.24,193.87475173206087,285.70862268900044,303.69659242050847,0.92,523.1,3.4726,17.0151,0.0,0,400,5231,0,0,0,0,5231,3342,0.6388835786656472,582,967,340,0.11125979736188109,0.18485949149302236,0.06499713247944944
solana,0.35,8,25,576477.12,210.96,206.59205709950598,289.6513130215369,306.589593522305,1.0,527.4,3.278,17.1877,0.0,0,400,5274,0,0,0,0,5274,3467,0.6573758058399697,538,924,345,0.10200985968904058,0.1751990898748578,0.06541524459613197
solana,0.35,9,25,570210.6,208.36,158.4332022367844,252.5591660436617,266.80479462646656,0.96,520.9000000000001,2.8297,16.4939,0.0,0,400,5209,0,0,0,0,5209,3400,0.6527164522941064,555,919,335,0.1065463620656556,0.17642541754655405,0.06431176809368401
solana,0.35,10,25,587254.36,208.64,180.99852130376468,255.10370222732473,270.4907610152488,1.0,521.5999999999999,3.0263,16.2683,0.0,0,400,5216,0,0,0,0,5216,3402,0.6522239263803681,551,895,368,0.10563650306748466,0.17158742331288343,0.0705521472392638
solana,0.4,1,25,693886.12,209.16,201.1267047669595,269.71501330014263,292.3580431780549,0.96,522.9,3.4107,17.6249,0.0,0,400,5229,0,0,0,0,5229,3077,0.5884490342321668,633,1063,456,0.12105565117613311,0.20328934786766112,0.08720596672403902
solana,0.4,2,25,669765.68,210.0,221.72659094731677,300.45315519263886,318.8432111754159,1.0,525.0,4.1855,19.5599,0.0,0,400,5250,0,0,0,0,5250,3159,0.6017142857142858,609,1054,428,0.116,0.20076190476190475,0.08152380952380953
solana,0.4,3,25,637782.52,207.8,156.20289411412602,249.6569498322575,284.811432835029,1.0,519.5,3.6426,18.9153,0.0,0,400,5195,0,0,0,0,5195,3151,0.6065447545717035,651,1005,388,0.12531280076997112,0.19345524542829645,0.07468719923002888
solana,0.4,4,25,669893.08,207.72,184.45815671720547,264.13626857800193,285.0733912840925,1.0,519.3,3.498,19.2795,0.0,0,400,5193,0,0,0,0,5193,3143,0.6052378201424995,627,973,450,0.12073945696129405,0.18736761024455997,0.08665511265164645
solana,0.4,5,25,679089.0,203.68,215.84945297718815,286.47003264769364,300.5685396578603,1.0,509.20000000000005,3.7431,19.4789,0.0,0,400,5092,0,0,0,0,5092,2968,0.5828750981932443,641,1041,442,0.12588373919874313,0.2044383346425766,0.08680282796543598
solana,0.4,6,25,657168.4,210.24,169.00226739890917,253.8428562525192,276.8105434087494,0.92,525.6,3.6169,19.3062,0.0,0,400,5256,0,0,0,0,5256,3139,0.5972222222222222,648,1074,395,0.1232876712328767,0.204337899543379,0.07515220700152207
solana,0.4,7,25,664567.6,209.24,183.3342304026568,278.4375719279262,294.25129643322265,1.0,523.1,3.7685,18.5036,0.0,0,400,5231,0,0,0,0,5231,3087,0.5901357293060601,659,1084,401,0.12597973618810934,0.20722615178742115,0.07665838271840948
solana,0.4,8,25,652838.24,210.96,192.14906447591443,272.20057541172855,289.10859909613913,0.96,527.4,3.5593,18.5905,0.0,0,400,5274,0,0,0,0,5274,3193,0.605422828972317,609,1076,396,0.11547212741751992,0.20401971937808117,0.07508532423208192
solana,0.4,9,25,642110.16,208.36,182.22459869540538,272.1044943307126,289.1365321621936,0.96,520.9000000000001,3.0663,18.063,0.0,0,400,5209,0,0,0,0,5209,3135,0.6018429641005951,622,1072,380,0.1194087156843924,0.20579765789978882,0.07295066231522365
solana,0.4,10,25,665889.8,208.64,185.39905254317134,255.2070470208472,277.58412921955585,1.0,521.5999999999999,3.2867,18.3011,0.0,0,400,5216,0,0,0,0,5216,3131,0.6002684049079755,637,1021,427,0.12212423312883436,0.19574386503067484,0.08186349693251534
solana,0.45,1,25,773649.36,209.16,172.75755877617345,251.19514769524582,272.34439107539833,0.96,522.9,3.7018,20.3222,0.0,0,400,5229,0,0,0,0,5229,2783,0.5322241346337732,708,1232,506,0.13539873780837636,0.23560910307898258,0.09676802447886786
solana,0.45,2,25,735448.72,210.0,223.56068148675382,297.7131087250486,320.74151756298056,0.96,525.0,4.4664,21.1848,0.0,0,400,5250,0,0,0,0,5250,2916,0.5554285714285714,696,1166,472,0.13257142857142856,0.2220952380952381,0.0899047619047619
solana,0.45,3,25,715062.76,207.8,154.4510424022921,247.77457534984183,281.7523942041819,1.0,519.5,3.9372,19.4683,0.0,0,400,5195,0,0,0,0,5195,2893,0.5568816169393648,723,1131,448,0.13917228103946103,0.21770933589990377,0.08623676612127046
solana,0.45,4,25,749557.24,207.72,157.03701381096414,244.6391682293935,262.247531682462,0.88,519.3,3.8081,20.2248,0.0,0,400,5193,0,0,0,0,5193,2859,0.5505488157134605,701,1129,504,0.1349894088195648,0.21740804929713076,0.09705372616984402
solana,0.45,5,25,756103.72,203.68,206.07583137418365,279.2364747932296,294.5947244949859,0.96,509.20000000000005,4.0345,21.096,0.0,0,400,5092,0,0,0,0,5092,2706,0.5314218381775334,731,1153,502,0.14355852317360565,0.22643362136684997,0.098586017282011
solana,0.45,6,25,728473.96,210.24,172.26205099641248,255.68014675327993,272.3809584904371,0.96,525.6,3.8856,20.7159,0.0,0,400,5256,0,0,0,0,5256,2877,0.5473744292237442,746,1189,444,0.1419330289193303,0.22621765601217655,0.08447488584474885
solana,0.45,7,25,721766.92,209.24,189.69660899008525,292.1022572831788,308.7901256014386,1.0,523.1,4.0126,19.2055,0.0,0,400,5231,0,0,0,0,5231,2860,0.5467405849741923,714,1227,430,0.1364939782068438,0.2345631810361307,0.0822022557828331
solana,0.45,8,25,732812.68,210.96,213.12364409280192,292.2656752012662,317.0493955652287,1.0,527.4,3.8688,20.3781,0.0,0,400,5274,0,0,0,0,5274,2915,0.5527114144861585,681,1225,453,0.1291240045506257,0.2322715206674251,0.08589306029579068
solana,0.45,9,25,729281.72,208.36,168.82354317225233,255.26782827632078,272.8830224013449,0.96,520.9000000000001,3.3529,20.7069,0.0,0,400,5209,0,0,0,0,5209,2846,0.5463620656555961,691,1225,447,0.13265502015741984,0.23516989825302362,0.08581301593396046
solana,0.45,10,25,745918.28,208.64,188.9162213024661,265.6080654760791,283.49674888588567,1.0,521.5999999999999,3.5533,19.3175,0.0,0,400,5216,0,0,0,0,5216,2868,0.5498466257668712,712,1145,491,0.13650306748466257,0.21951687116564417,0.09413343558282208
solana,0.5,1,25,844891.0,209.16,164.3890092154493,249.1848168277193,271.0527562214928,1.0,522.9,3.9413,21.948,0.0,0,400,5229,0,0,0,0,5229,2537,0.4851788104800153,784,1349,559,0.1499330655957162,0.25798431822528206,0.10690380569898641
solana,0.5,2,25,814566.6,210.0,223.86557489746107,307.6314906207167,328.7780441991701,1.0,525.0,4.801,22.5308,0.0,0,400,5250,0,0,0,0,5250,2625,0.5,795,1305,525,0.15142857142857144,0.24857142857142858,0.1
solana,0.5,3,25,799147.48,207.8,188.08707468453196,284.3037162481515,318.8218459386169,1.0,519.5,4.2545,21.5086,0.0,0,400,5195,0,0,0,0,5195,2621,0.5045235803657363,793,1265,516,0.15264677574590954,0.2435033686236766,0.09932627526467758
solana,0.5,4,25,818787.72,207.72,177.11432765629507,257.0035749566887,272.6845413342981,0.84,519.3,4.0806,23.1354,0.0,0,400,5193,0,0,0,0,5193,2582,0.49720777970344693,798,1271,542,0.1536683997689197,0.2447525515116503,0.10437126901598305
solana,0.5,5,25,825032.48,203.68,208.5943357277331,285.9265696968079,301.4235714902433,1.0,509.20000000000005,4.3027,22.3274,0.0,0,400,5092,0,0,0,0,5092,2467,0.4844854673998429,790,1284,551,0.1551453260015711,0.25216025137470544,0.10820895522388059
solana,0.5,6,25,800662.8,210.24,168.8333397687353,252.71453840076512,272.1372100142287,1.0,525.6,4.1673,22.0778,0.0,0,400,5256,0,0,0,0,5256,2603,0.4952435312024353,831,1334,488,0.15810502283105024,0.2538051750380518,0.0928462709284627
solana,0.5,7,25,806583.84,209.24,207.85680583790298,303.17403072075945,323.8818493591177,1.0,523.1,4.3362,20.9482,0.0,0,400,5231,0,0,0,0,5231,2574,0.49206652647677307,796,1366,495,0.1521697572165934,0.2611355381380233,0.0946281781686102
solana,0.5,8,25,800633.52,210.96,191.54095822322373,274.9429483753093,299.2463267043459,1.0,527.4,4.1275,23.0224,0.0,0,400,5274,0,0,0,0,5274,2650,0.502464922260144,784,1346,494,0.14865377322715206,0.2552142586272279,0.09366704588547592
solana,0.5,9,25,789986.96,208.36,159.26492808838478,252.6586675786398,270.3077410920848,0.96,520.9000000000001,3.5608,22.2637,0.0,0,400,5209,0,0,0,0,5209,2607,0.5004799385678633,776,1344,482,0.1489729314647725,0.25801497408331736,0.09253215588404684
solana,0.5,10,25,811108.64,208.64,183.782653346833,264.0387755898528,281.95822703098156,0.96,521.5999999999999,3.7798,20.904,0.0,0,400,5216,0,0,0,0,5216,2637,0.5055598159509203,782,1260,537,0.14992331288343558,0.2415644171779141,0.10295245398773006
solana,0.55,1,25,913129.52,209.16,175.63346535492798,260.56342992436544,279.0106331933932,0.96,522.9,4.1836,23.426,0.0,0,400,5229,0,0,0,0,5229,2286,0.43717728055077454,856,1484,603,0.16370242876266972,0.2838018741633199,0.1153184165232358
solana,0.55,2,25,872751.4,210.0,214.17591162575275,306.829970852375,329.21204324463355,1.0,525.0,5.0731,22.7127,0.0,0,400,5250,0,0,0,0,5250,2387,0.45466666666666666,879,1429,555,0.16742857142857143,0.2721904761904762,0.10571428571428572
solana,0.55,3,25,873069.16,207.8,176.00388793096565,269.5791082696448,305.38994247903463,1.0,519.5,4.5396,22.2214,0.0,0,400,5195,0,0,0,0,5195,2364,0.4550529355149182,870,1391,570,0.16746871992300288,0.2677574590952839,0.109720885466795
solana,0.55,4,25,888763.56,207.72,178.27573045967307,272.0806210948288,290.70912203562926,0.96,519.3,4.3145,24.3295,0.0,0,400,5193,0,0,0,0,5193,2340,0.4506065857885615,897,1359,597,0.1727325245522819,0.2616984402079723,0.11496244945118429
solana,0.55,5,25,874421.4,203.68,206.8975315362448,287.15545015687053,301.7610893125263,1.0,509.20000000000005,4.5019,23.9569,0.0,0,400,5092,0,0,0,0,5092,2259,0.4436370777690495,878,1379,576,0.17242733699921445,0.2708169677926159,0.11311861743912019
solana,0.55,6,25,889214.08,210.24,167.70526475743995,261.38758715333654,279.6589192628636,1.0,525.6,4.4909,23.9057,0.0,0,400,5256,0,0,0,0,5256,2313,0.4400684931506849,912,1472,559,0.1735159817351598,0.2800608828006088,0.10635464231354642
solana,0.55,7,25,881244.44,209.24,190.87674515654697,287.42826028663563,305.322699893968,0.96,523.1,4.6365,22.3641,0.0,0,400,5231,0,0,0,0,5231,2314,0.4423628369336647,871,1497,549,0.16650735996941313,0.2861785509462818,0.10495125215064041
solana,0.55,8,25,887363.64,210.96,209.92381436890162,297.9532838267148,318.31434863514335,1.0,527.4,4.4514,24.3383,0.0,0,400,5274,0,0,0,0,5274,2360,0.44747819491846796,848,1507,559,0.1607887751232461,0.2857413727720895,0.10599165718619644
solana,0.55,9,25,865064.48,208.36,173.62252279016218,264.283683798285,282.9763499148177,0.92,520.9000000000001,3.807,23.8451,0.0,0,400,5209,0,0,0,0,5209,2336,0.4484545978114801,858,1482,533,0.1647149164906892,0.28450758302937224,0.10232290266845843
solana,0.55,10,25,877338.8,208.64,191.25237954586527,267.4362000515822,293.3490367809178,1.0,521.5999999999999,4.0184,22.4782,0.0,0,400,5216,0,0,0,0,5216,2383,0.4568634969325153,866,1390,577,0.1660276073619632,0.2664877300613497,0.11062116564417178
solana,0.6,1,25,973959.96,209.16,205.0067491971088,287.3935906879835,310.75168972412666,1.0,522.9,4.403,25.372,0.0,0,400,5229,0,0,0,0,5229,2056,0.39319181487856186,924,1609,640,0.17670682730923695,0.30770701855039206,0.12239433926180913
solana,0.6,2,25,944144.96,210.0,250.25455730542578,333.78778422357306,359.4798064600472,1.0,525.0,5.3898,23.6586,0.0,0,400,5250,0,0,0,0,5250,2125,0.40476190476190477,952,1572,601,0.18133333333333335,0.29942857142857143,0.11447619047619048
solana,0.6,3,25,953001.0,207.8,186.89095624495025,281.5171644844908,319.81294757557845,1.0,519.5,4.8447,22.8728,0.0,0,400,5195,0,0,0,0,5195,2100,0.40423484119345526,950,1511,634,0.18286814244465832,0.2908565928777671,0.12204042348411935
solana,0.6,4,25,972048.72,207.72,175.5394109800935,271.9192561609502,291.28870799790695,1.0,519.3,4.6292,25.2872,0.0,0,400,5193,0,0,0,0,5193,2058,0.3963027151935298,975,1500,660,0.1877527440785673,0.28885037550548814,0.1270941652224148
solana,0.6,5,25,949542.72,203.68,221.65672088436034,297.33103335037475,318.2953020529134,1.0,509.20000000000005,4.7881,25.4992,0.0,0,400,5092,0,0,0,0,5092,1995,0.3917910447761194,959,1508,630,0.18833464257659074,0.29615082482325217,0.1237234878240377
solana,0.6,6,25,966694.2,210.24,190.20488341510332,274.9394833214456,296.68221640830865,1.0,525.6,4.7857,25.7575,0.0,0,400,5256,0,0,0,0,5256,2055,0.3909817351598174,965,1619,617,0.18359969558599695,0.3080289193302892,0.1173896499238965
solana,0.6,7,25,956218.72,209.24,216.91902400353155,314.66907013937174,337.0131114101134,1.0,523.1,4.9184,23.1265,0.0,0,400,5231,0,0,0,0,5231,2044,0.39074746702351365,967,1618,602,0.18485949149302236,0.3093098833874976,0.11508315809596635
solana,0.6,8,25,965153.28,210.96,204.39914069390903,289.3376197009534,312.84865596304587,1.0,527.4,4.7448,25.6294,0.0,0,400,5274,0,0,0,0,5274,2083,0.39495638983693593,937,1640,614,0.1776640121350019,0.3109594235874099,0.11642017444065225
solana,0.6,9,25,950086.0,208.36,166.8733665418082,262.7678054001168,280.0060096610771,0.96,520.9000000000001,4.0633,24.6235,0.0,0,400,5209,0,0,0,0,5209,2068,0.3970051833365329,946,1588,607,0.18160875407947782,0.3048569783067767,0.11652908427721252
solana,0.6,10,25,940297.88,208.64,178.91101739421097,256.2157567102207,284.3238672287789,1.0,521.5999999999999,4.2454,22.7633,0.0,0,400,5216,0,0,0,0,5216,2131,0.4085506134969325,958,1515,612,0.18366564417177914,0.29045245398773006,0.11733128834355828
solana,0.65,1,25,1040783.72,209.16,196.8439142715676,280.79198676897175,303.7508546065911,1.0,522.9,4.6381,27.3673,0.0,0,400,5229,0,0,0,0,5229,1813,0.3467202141900937,1000,1731,685,0.19124115509657677,0.33103843947217443,0.13100019124115508
solana,0.65,2,25,1019664.04,210.0,229.09164432285982,315.5125497925031,334.87739802405594,1.0,525.0,5.7183,25.999,0.0,0,400,5250,0,0,0,0,5250,1868,0.3558095238095238,1034,1689,659,0.19695238095238096,0.32171428571428573,0.12552380952380954
solana,0.65,3,25,1032612.2,207.8,168.4600528166633,265.51461184805254,305.29778521987134,0.96,519.5,5.1661,25.0606,0.0,0,400,5195,0,0,0,0,5195,1809,0.3482194417709336,1033,1667,686,0.19884504331087585,0.3208854667949952,0.13205004812319537
solana,0.65,4,25,1040624.36,207.72,188.87374605989277,279.8042730221526,295.6140875612079,0.92,519.3,4.8711,27.1903,0.0,0,400,5193,0,0,0,0,5193,1801,0.34681301752358945,1054,1635,703,0.20296553052185634,0.3148469093009821,0.13537454265357213
solana,0.65,5,25,1017033.28,203.68,221.77447312900892,294.77343616711613,318.7979751467079,1.0,509.20000000000005,5.0572,26.4943,0.0,0,400,5092,0,0,0,0,5092,1760,0.34564021995286726,1036,1616,680,0.20345640219952868,0.3173605655930872,0.1335428122545169
solana,0.65,6,25,1035403.68,210.24,188.24309300519297,277.2552764906481,297.5205760422462,1.0,525.6,5.041,26.9163,0.0,0,400,5256,0,0,0,0,5256,1808,0.3439878234398782,1047,1736,665,0.19920091324200914,0.3302891933028919,0.1265220700152207
solana,0.65,7,25,1023939.52,209.24,204.58144047810077,311.4900439116116,334.6648656956572,1.0,523.1,5.1912,24.7845,0.0,0,400,5231,0,0,0,0,5231,1794,0.3429554578474479,1052,1738,647,0.20110877461288473,0.3322500477920092,0.12368571974765818
solana,0.65,8,25,1040901.88,210.96,217.033684730852,309.8104900483137,331.15916546443276,1.0,527.4,5.008,27.566,0.0,0,400,5274,0,0,0,0,5274,1842,0.3492605233219568,1000,1755,677,0.18960940462646947,0.33276450511945393,0.12836556693211984
solana,0.65,9,25,1029044.4,208.36,200.12332659784366,290.1488731182486,306.91329128898064,1.0,520.9000000000001,4.3133,25.9331,0.0,0,400,5209,0,0,0,0,5209,1800,0.34555576886158573,1040,1700,669,0.1996544442311384,0.3263582261470532,0.1284315607602227
solana,0.65,10,25,1023706.76,208.64,201.30568925608105,285.2606140100142,310.1129270818179,1.0,521.5999999999999,4.5239,24.3746,0.0,0,400,5216,0,0,0,0,5216,1864,0.35736196319018404,1030,1641,681,0.19746932515337423,0.3146088957055215,0.13055981595092025
solana,0.7,1,25,1116559.16,209.16,186.27199467063497,270.1993449027969,296.8414440396684,1.0,522.9,4.8855,29.0793,0.0,0,400,5229,0,0,0,0,5229,1560,0.2983362019506598,1072,1853,744,0.2050105182635303,0.3543698603939568,0.14228341939185313
solana,0.7,2,25,1085816.0,210.0,237.03844939300052,319.70308181255245,344.32739452326905,1.0,525.0,5.977,27.5754,0.0,0,400,5250,0,0,0,0,5250,1626,0.3097142857142857,1102,1820,702,0.2099047619047619,0.3466666666666667,0.1337142857142857
solana,0.7,3,25,1110215.92,207.8,172.79565507984023,279.7254229013434,318.0690054138511,1.0,519.5,5.4734,27.15,0.0,0,400,5195,0,0,0,0,5195,1553,0.2989412897016362,1085,1812,745,0.2088546679499519,0.3487969201154957,0.14340712223291627
solana,0.7,4,25,1113422.68,207.72,180.93735797432305,275.64047140539725,294.75906933434567,1.0,519.3,5.1605,28.0983,0.0,0,400,5193,0,0,0,0,5193,1549,0.29828615443866746,1109,1781,754,0.21355671095705758,0.3429616791835163,0.1451954554207587
solana,0.7,5,25,1069578.72,203.68,223.53603199392415,303.1206608212598,322.4086688304009,1.0,509.20000000000005,5.2718,27.365,0.0,0,400,5092,0,0,0,0,5092,1535,0.30145326001571093,1114,1740,703,0.2187745483110762,0.34171249018067557,0.13805970149253732
solana,0.7,6,25,1122452.84,210.24,170.574705461527,265.34924808381794,283.3852783825501,1.0,525.6,5.3506,29.2699,0.0,0,400,5256,0,0,0,0,5256,1538,0.2926179604261796,1124,1853,741,0.21385083713850836,0.3525494672754947,0.14098173515981735
solana,0.7,7,25,1092664.88,209.24,211.72508056579153,315.0132046748642,338.16702901879614,1.0,523.1,5.454,26.0067,0.0,0,400,5231,0,0,0,0,5231,1558,0.29783980118524184,1112,1864,697,0.21257885681514052,0.3563372204167463,0.13324412158287136
solana,0.7,8,25,1122603.28,210.96,212.3476592529958,303.9319281096375,333.24900773632055,1.0,527.4,5.3123,29.2916,0.0,0,400,5274,0,0,0,0,5274,1552,0.29427379598028064,1100,1886,736,0.20857034508911643,0.35760333712552145,0.13955252180508154
solana,0.7,9,25,1082591.08,208.36,189.9252008316158,287.55000160261477,305.7113658601145,1.0,520.9000000000001,4.4993,26.5632,0.0,0,400,5209,0,0,0,0,5209,1562,0.29986561720099825,1130,1827,690,0.2169322326742177,0.3507391053945095,0.13246304473027454
solana,0.7,10,25,1113613.36,208.64,197.60427457597095,283.41174803732673,306.2870024323303,1.0,521.5999999999999,4.8245,27.151,0.0,0,400,5216,0,0,0,0,5216,1574,0.3017638036809816,1120,1766,756,0.2147239263803681,0.33857361963190186,0.14493865030674846
solana,0.75,1,25,1184967.76,209.16,200.4631199629678,286.2699367874627,310.99744103557373,1.0,522.9,5.1227,31.0253,0.0,0,400,5229,0,0,0,0,5229,1333,0.25492445974373684,1138,1960,798,0.21763243449990438,0.3748326639892905,0.15261044176706828
solana,0.75,2,25,1159351.64,210.0,239.0561426140092,329.96709328792963,357.8430247002541,1.0,525.0,6.3379,29.1276,0.0,0,400,5250,0,0,0,0,5250,1364,0.2598095238095238,1171,1963,752,0.22304761904761905,0.3739047619047619,0.14323809523809525
solana,0.75,3,25,1183009.96,207.8,203.38874824991854,304.07497475865705,346.6109534552873,1.0,519.5,5.7619,28.3913,0.0,0,400,5195,0,0,0,0,5195,1279,0.24619826756496632,1160,1967,789,0.22329162656400384,0.3786333012512031,0.15187680461982675
solana,0.75,4,25,1188008.36,207.72,179.3874108533522,271.9979000091447,291.9926853688084,0.96,519.3,5.4368,29.877,0.0,0,400,5193,0,0,0,0,5193,1272,0.24494511842865396,1196,1923,802,0.2303100327363759,0.37030618139803584,0.15443866743693432
solana,0.75,5,25,1140758.88,203.68,226.20269392617163,306.1036334898956,328.14905758860317,1.0,509.20000000000005,5.5506,28.5716,0.0,0,400,5092,0,0,0,0,5092,1294,0.2541241162608013,1174,1868,756,0.23055773762765122,0.36684996072270226,0.14846818538884524
solana,0.75,6,25,1186504.52,210.24,181.74014519850593,274.0391916148713,294.48689597858265,1.0,525.6,5.5759,31.3247,0.0,0,400,5256,0,0,0,0,5256,1310,0.24923896499238965,1234,1921,791,0.234779299847793,0.3654870624048706,0.15049467275494674
solana,0.75,7,25,1152273.72,209.24,227.02501928612247,326.2943352408578,351.5988614118632,1.0,523.1,5.693,27.7373,0.0,0,400,5231,0,0,0,0,5231,1325,0.2532976486331485,1179,1997,730,0.22538711527432614,0.3817625692984133,0.13955266679411202
solana,0.75,8,25,1201492.0,210.96,226.53837534270943,324.73677309720136,350.5432470136468,1.0,527.4,5.5928,30.7565,0.0,0,400,5274,0,0,0,0,5274,1284,0.2434584755403868,1203,1988,799,0.22810011376564276,0.3769434963974213,0.1514979142965491
solana,0.75,9,25,1158692.44,208.36,193.6617088389586,288.0189473736931,310.0157555508949,1.0,520.9000000000001,4.7558,29.5037,0.0,0,400,5209,0,0,0,0,5209,1300,0.249568055288923,1188,1977,744,0.22806680744864657,0.3795354194663083,0.1428297177961221
solana,0.75,10,25,1187281.12,208.64,212.9154081920389,291.4066086125794,316.5064164403973,1.0,521.5999999999999,5.0672,28.3657,0.0,0,400,5216,0,0,0,0,5216,1302,0.24961656441717792,1213,1896,805,0.2325536809815951,0.36349693251533743,0.15433282208588958
solana,0.8,1,25,1258907.24,209.16,210.15329106769994,294.39688338468875,318.6578010832406,1.0,522.9,5.3757,30.3356,0.0,0,400,5229,0,0,0,0,5229,1077,0.2059667240390132,1227,2071,854,0.23465289730349972,0.3960604322050105,0.16331994645247658
solana,0.8,2,25,1225881.96,210.0,232.08132979136838,323.34910657085703,345.61048832323775,1.0,525.0,6.63,29.7703,0.0,0,400,5250,0,0,0,0,5250,1121,0.21352380952380953,1244,2089,796,0.23695238095238094,0.3979047619047619,0.15161904761904763
solana,0.8,3,25,1248358.32,207.8,189.5441044600924,295.9801064870142,337.2285002211376,1.0,519.5,6.0298,29.4115,0.0,0,400,5195,0,0,0,0,5195,1031,0.19846005774783446,1246,2088,830,0.23984600577478343,0.40192492781520694,0.15976900866217517
solana,0.8,4,25,1254996.84,207.72,197.80022546697796,290.0896204486301,308.25340471923096,1.0,519.3,5.6873,30.9218,0.0,0,400,5193,0,0,0,0,5193,1023,0.19699595609474294,1274,2051,845,0.24533025226266128,0.39495474677450415,0.16271904486809166
solana,0.8,5,25,1206697.2,203.68,225.94237339679032,308.23209651394274,324.0159495210075,1.0,509.20000000000005,5.8294,29.5418,0.0,0,400,5092,0,0,0,0,5092,1047,0.2056166535742341,1239,2010,796,0.24332285938727416,0.39473684210526316,0.1563236449332286
solana,0.8,6,25,1262802.8,210.24,186.27089421613803,280.08835033798266,299.3294724718502,1.0,525.6,5.8605,32.5672,0.0,0,400,5256,0,0,0,0,5256,1060,0.20167427701674276,1295,2050,851,0.24638508371385084,0.3900304414003044,0.161910197869102
solana,0.8,7,25,1226561.92,209.24,223.90288792226457,324.2481305802553,349.01845433730625,1.0,523.1,5.9958,29.2984,0.0,0,400,5231,0,0,0,0,5231,1052,0.20110877461288473,1273,2126,780,0.24335691072452686,0.40642324603326324,0.1491110686293252
solana,0.8,8,25,1265045.08,210.96,216.00362600485488,307.05697024782575,333.3213745793384,1.0,527.4,5.8596,32.4945,0.0,0,400,5274,0,0,0,0,5274,1029,0.1951080773606371,1264,2151,830,0.23966628744785742,0.40784982935153585,0.15737580583996966
solana,0.8,9,25,1233732.88,208.36,174.86835934839357,273.8822724697164,292.22201712460503,1.0,520.9000000000001,5.0046,31.3075,0.0,0,400,5209,0,0,0,0,5209,1033,0.19831061624112115,1257,2124,795,0.24131311192167404,0.40775580725667115,0.1526204645805337
solana,0.8,10,25,1278935.24,208.64,204.33658208443146,289.36650818017847,313.89499039426204,1.0,521.5999999999999,5.376,30.6092,0.0,0,400,5216,0,0,0,0,5216,1019,0.19536042944785276,1266,2049,882,0.24271472392638035,0.392829754601227,0.16909509202453987
solana,0.85,1,25,1332262.28,209.16,179.8927393747376,266.14762242046316,293.99076935227816,1.0,522.9,5.6318,31.3086,0.0,0,400,5229,0,0,0,0,5229,810,0.1549053356282272,1316,2199,904,0.25167336010709507,0.42053930005737233,0.1728820042073054
solana,0.85,2,25,1312101.92,210.0,206.03644993315632,301.38296362274644,327.5044041477552,1.0,525.0,6.9972,31.9045,0.0,0,400,5250,0,0,0,0,5250,825,0.15714285714285714,1329,2236,860,0.25314285714285717,0.4259047619047619,0.16380952380952382
solana,0.85,3,25,1296291.64,207.8,208.36076232151757,315.38705936390505,354.44930683707776,1.0,519.5,6.2225,29.8293,0.0,0,400,5195,0,0,0,0,5195,812,0.1563041385948027,1317,2221,845,0.2535129932627527,0.4275264677574591,0.16265640038498555
solana,0.85,4,25,1328070.8,207.72,204.41066834963868,293.84086369924205,313.2450055391331,0.96,519.3,5.9755,31.6184,0.0,0,400,5193,0,0,0,0,5193,770,0.14827652609281725,1320,2208,895,0.2541883304448296,0.42518775274407855,0.1723473907182746
solana,0.85,5,25,1291658.08,203.68,214.44462218249134,297.06679989623603,322.6506746893252,1.0,509.20000000000005,6.1415,31.6315,0.0,0,400,5092,0,0,0,0,5092,766,0.15043205027494108,1333,2128,865,0.261783189316575,0.417910447761194,0.16987431264728986
solana,0.85,6,25,1348810.84,210.24,193.57079618587878,291.52249352994227,315.5131328702702,1.0,525.6,6.1816,33.965,0.0,0,400,5256,0,0,0,0,5256,779,0.1482115677321157,1356,2203,918,0.2579908675799087,0.4191400304414003,0.17465753424657535
solana,0.85,7,25,1324919.2,209.24,229.86092673239418,333.8175028885813,360.37758700109094,1.0,523.1,6.3518,30.1334,0.0,0,400,5231,0,0,0,0,5231,746,0.14261135538138023,1372,2246,867,0.2622825463582489,0.4293634104377748,0.16574268782259607
solana,0.85,8,25,1338886.72,210.96,234.36544076657424,332.22707180796976,356.9405895021684,1.0,527.4,6.1408,35.3871,0.0,0,400,5274,0,0,0,0,5274,751,0.14239666287447858,1351,2296,876,0.25616230565036024,0.4353431930223739,0.16609783845278725
solana,0.85,9,25,1307728.84,208.36,189.4251238795167,285.43096516760824,305.798195791113,0.96,520.9000000000001,5.244,32.4441,0.0,0,400,5209,0,0,0,0,5209,781,0.14993280860049912,1355,2219,854,0.26012670378191594,0.42599347283547706,0.16394701478210788
solana,0.85,10,25,1353511.88,208.64,197.92755579011407,285.90683920255333,307.48146527227954,1.0,521.5999999999999,5.636,31.8363,0.0,0,400,5216,0,0,0,0,5216,755,0.14474693251533743,1356,2169,936,0.25996932515337423,0.4158358895705521,0.1794478527607362
solana,0.9,1,25,1419618.4,209.16,190.1656109091759,276.1985717895973,304.3793194623881,1.0,522.9,5.917,34.4123,0.0,0,400,5229,0,0,0,0,5229,519,0.09925415949512335,1428,2306,976,0.27309236947791166,0.4410021036527061,0.18665136737425894
solana,0.9,2,25,1387828.64,210.0,218.12897031501424,313.5528395575277,338.1133949569354,1.0,525.0,7.3352,33.0808,0.0,0,400,5250,0,0,0,0,5250,531,0.10114285714285715,1455,2356,908,0.27714285714285714,0.44876190476190475,0.17295238095238094
solana,0.9,3,25,1360924.52,207.8,178.7128407812691,286.60017805093446,327.190109203866,1.0,519.5,6.5033,30.4439,0.0,0,400,5195,0,0,0,0,5195,571,0.1099133782483157,1391,2347,886,0.2677574590952839,0.45178055822906643,0.17054860442733397
solana,0.9,4,25,1392264.68,207.72,189.33265390186935,287.5416381793099,309.82260874360384,1.0,519.3,6.2331,33.1856,0.0,0,400,5193,0,0,0,0,5193,517,0.09955709609089158,1395,2351,930,0.268630849220104,0.45272482187560176,0.17908723281340266
solana,0.9,5,25,1375446.92,203.68,226.64816007146098,313.265390671032,339.98706982107217,1.0,509.20000000000005,6.4555,33.062,0.0,0,400,5092,0,0,0,0,5092,505,0.09917517674783975,1394,2257,936,0.2737627651217596,0.4432443047918303,0.1838177533385703
solana,0.9,6,25,1452105.96,210.24,200.4798199637648,293.2534201045423,314.76486938447766,1.0,525.6,6.5192,36.1274,0.0,0,400,5256,0,0,0,0,5256,488,0.0928462709284627,1393,2361,1014,0.2650304414003044,0.4492009132420091,0.19292237442922375
solana,0.9,7,25,1399058.68,209.24,228.83566044997065,330.1177799156404,357.2349391017368,1.0,523.1,6.6341,30.908,0.0,0,400,5231,0,0,0,0,5231,503,0.09615752246224431,1437,2365,926,0.274708468744026,0.4521124068055821,0.1770216019881476
solana,0.9,8,25,1410076.04,210.96,221.13509548583778,319.53849846204304,348.9025612492496,1.0,527.4,6.4109,35.9457,0.0,0,400,5274,0,0,0,0,5274,510,0.09670079635949944,1403,2433,928,0.2660219946909367,0.4613196814562002,0.17595752749336366
solana,0.9,9,25,1386547.56,208.36,187.55785531718996,283.940610136296,305.29598903470156,1.0,520.9000000000001,5.4873,34.7422,0.0,0,400,5209,0,0,0,0,5209,530,0.10174697638702246,1417,2343,919,0.27202918026492606,0.4497984258014974,0.17642541754655405
solana,0.9,10,25,1422306.4,208.64,195.7880130265863,282.7930999063433,309.8039119803288,1.0,521.5999999999999,5.863,33.2741,0.0,0,400,5216,0,0,0,0,5216,520,0.09969325153374232,1435,2272,989,0.2751150306748466,0.43558282208588955,0.18960889570552147
solana,0.95,1,25,1495771.12,209.16,204.3366311837825,297.05991135727135,328.4003387417921,1.0,522.9,6.1844,35.0774,0.0,0,400,5229,0,0,0,0,5229,257,0.04914897685982023,1493,2448,1031,0.28552304455918914,0.46815834767641995,0.19716963090457065
solana,0.95,2,25,1484882.32,210.0,230.4857555054083,331.29551060928003,358.09497446827976,1.0,525.0,7.7024,34.6087,0.0,0,400,5250,0,0,0,0,5250,264,0.05028571428571429,1537,2442,1007,0.2927619047619048,0.46514285714285714,0.19180952380952382
solana,0.95,3,25,1471282.52,207.8,195.17157478868867,305.63406174773155,350.67546544696415,1.0,519.5,6.881,32.1154,0.0,0,400,5195,0,0,0,0,5195,273,0.05255052935514918,1445,2481,996,0.2781520692974013,0.4775745909528393,0.1917228103946102
solana,0.95,4,25,1461702.44,207.72,190.5908260585139,285.8372639746205,306.70980827102625,1.0,519.3,6.4702,34.305,0.0,0,400,5193,0,0,0,0,5193,273,0.05257076834199884,1494,2443,983,0.2876949740034662,0.47044097823993836,0.18929327941459656
solana,0.95,5,25,1460489.32,203.68,227.95370088817856,312.68023894701696,339.5663727746848,1.0,509.20000000000005,6.7723,34.4302,0.0,0,400,5092,0,0,0,0,5092,239,0.04693637077769049,1467,2377,1009,0.28809897879025925,0.4668106834249804,0.19815396700706991
solana,0.95,6,25,1514881.04,210.24,196.04125850924774,288.2127938074884,311.8464022318663,1.0,525.6,6.8006,36.9637,0.0,0,400,5256,0,0,0,0,5256,247,0.046993911719939115,1482,2474,1053,0.2819634703196347,0.4707001522070015,0.20034246575342465
solana,0.95,7,25,1458313.44,209.24,241.33931694170792,346.8607012729288,372.7076363872639,1.0,523.1,6.8716,32.2876,0.0,0,400,5231,0,0,0,0,5231,257,0.049130185432995604,1507,2514,953,0.2880902313133244,0.4805964442745173,0.1821831389791627
solana,0.95,8,25,1472174.08,210.96,231.74629819582853,331.33102551494846,357.07570665286147,1.0,527.4,6.6637,37.5596,0.0,0,400,5274,0,0,0,0,5274,253,0.047971179370496775,1487,2576,958,0.2819491846795601,0.48843382631778537,0.18164580963215776
solana,0.95,9,25,1476892.32,208.36,194.40137844271555,300.52694569881805,319.20690059742003,1.0,520.9000000000001,5.7558,36.2742,0.0,0,400,5209,0,0,0,0,5209,270,0.05183336532923786,1484,2450,1005,0.2848915338836629,0.47033979650604724,0.19293530428105202
solana,0.95,10,25,1487703.96,208.64,213.73302087511018,301.8709123590425,336.49457801731086,1.0,521.5999999999999,6.1095,34.2781,0.0,0,400,5216,0,0,0,0,5216,256,0.049079754601226995,1504,2435,1021,0.2883435582822086,0.46683282208588955,0.19574386503067484
solana,1.0,1,25,1590541.44,209.16,194.3299056522215,284.6553462055525,313.6586906053729,1.0,522.9,6.486,35.6809,0.0,0,400,5229,0,0,0,0,5229,,,1563,2538,1128,0.2989099254159495,0.4853700516351119,0.2157200229489386
solana,1.0,2,25,1570559.96,210.0,250.81039816358464,347.7160967567556,378.8794395231642,1.0,525.0,8.0499,37.7252,0.0,0,400,5250,0,0,0,0,5250,,,1577,2595,1078,0.30038095238095236,0.4942857142857143,0.20533333333333334
solana,1.0,3,25,1530799.92,207.8,189.710550988411,303.56277016136704,347.1296599573814,1.0,519.5,7.1373,34.4137,0.0,0,400,5195,0,0,0,0,5195,,,1579,2596,1020,0.3039461020211742,0.49971126082771894,0.19634263715110684
solana,1.0,4,25,1556685.2,207.72,204.13255458002968,306.28816817917897,327.04010029696303,1.0,519.3,6.7825,35.7976,0.0,0,400,5193,0,0,0,0,5193,,,1560,2560,1073,0.30040439052570767,0.49297130752936646,0.20662430194492587
solana,1.0,5,25,1516807.68,203.68,236.41660269694796,316.20187730392246,343.8611652513427,1.0,509.20000000000005,7.0172,36.4577,0.0,0,400,5092,0,0,0,0,5092,,,1546,2512,1034,0.3036135113904163,0.49332285938727416,0.2030636292223095
solana,1.0,6,25,1560926.28,210.24,184.9095132882433,285.37366253479706,310.37733347997846,1.0,525.6,7.0012,38.1703,0.0,0,400,5256,0,0,0,0,5256,,,1601,2597,1058,0.3046042617960426,0.4941019786910198,0.2012937595129376
solana,1.0,7,25,1535638.96,209.24,228.76644551007263,336.8652852618468,361.22453714760894,1.0,523.1,7.1917,34.1875,0.0,0,400,5231,0,0,0,0,5231,,,1567,2652,1012,0.2995603135155802,0.5069776333397056,0.1934620531447142
solana,1.0,8,25,1549910.04,210.96,236.45482928128607,335.34429616934847,363.21650430404947,1.0,527.4,6.9316,39.3721,0.0,0,400,5274,0,0,0,0,5274,,,1558,2695,1021,0.29541145240803945,0.5109973454683352,0.19359120212362532
solana,1.0,9,25,1537746.8,208.36,188.49837893728952,288.09233865456014,307.98044116133116,1.0,520.9000000000001,5.9852,38.4981,0.0,0,400,5209,0,0,0,0,5209,,,1570,2612,1027,0.3014014206181609,0.50143981570359,0.1971587636782492
solana,1.0,10,25,1548594.68,208.64,217.74124541016906,308.4997232812133,336.1210725043077,1.0,521.5999999999999,6.3427,36.0506,0.0,0,400,5216,0,0,0,0,5216,,,1581,2587,1048,0.3031058282208589,0.4959739263803681,0.200920245398773
