chain,pqc_fraction,seed,num_blocks,avg_block_size_bytes,avg_txs_per_block,avg_propagation_p50_ms,avg_propagation_p90_ms,avg_propagation_p95_ms,stale_rate,effective_tps,avg_verification_time_ms,max_verification_time_ms,verification_failure_rate,algo_counts_Ed25519,algo_distribution_Ed25519,block_time_ms,mempool_final_size_bytes,mempool_final_tx_count,mempool_total_accepted,mempool_total_evicted,mempool_total_rejected,total_tx_generated,verification_failures,algo_counts_Falcon-512,algo_counts_ML-DSA-65,algo_counts_SLH-DSA-128f,algo_distribution_Falcon-512,algo_distribution_ML-DSA-65,algo_distribution_SLH-DSA-128f
solana,0.0,1,25,72369.36,209.16,134.91157764777364,199.98448186058448,226.5138396732174,0.0,522.9,1.2638,7.1682,0.0,5229,1.0,400,0,0,5229,0,0,5229,0,,,,,,
solana,0.0,2,25,72660.0,210.0,159.39034101161474,230.0648640776271,254.90246677382402,0.0,525.0,1.5858,7.2758,0.0,5250,1.0,400,0,0,5250,0,0,5250,0,,,,,,
solana,0.0,3,25,71898.8,207.8,142.25036319622382,206.45098240604977,231.96201204970973,0.0,519.5,1.4161,6.8213,0.0,5195,1.0,400,0,0,5195,0,0,5195,0,,,,,,
solana,0.0,4,25,71871.12,207.72,130.39212459226275,203.61792104031744,221.86803257261275,0.0,519.3,1.3342,7.0899,0.0,5193,1.0,400,0,0,5193,0,0,5193,0,,,,,,
solana,0.0,5,25,70473.28,203.68,155.8877939088099,225.00547981367575,242.61963803983977,0.0,509.20000000000005,1.3822,7.202,0.0,5092,1.0,400,0,0,5092,0,0,5092,0,,,,,,
solana,0.0,6,25,72743.04,210.24,135.7844480399898,217.191877818793,231.46580561458995,0.0,525.6,1.3835,7.4907,0.0,5256,1.0,400,0,0,5256,0,0,5256,0,,,,,,
solana,0.0,7,25,72397.04,209.24,151.00526651163386,221.45196275965702,244.4022569128534,0.0,523.1,1.4272,6.8617,0.0,5231,1.0,400,0,0,5231,0,0,5231,0,,,,,,
solana,0.0,8,25,72992.16,210.96,145.23003098305253,215.16690263041198,228.15608219359143,0.0,527.4,1.3737,7.579,0.0,5274,1.0,400,0,0,5274,0,0,5274,0,,,,,,
solana,0.0,9,25,72092.56,208.36,139.88892943326758,215.80036005475955,228.3397369279312,0.0,520.9000000000001,1.1832,7.5242,0.0,5209,1.0,400,0,0,5209,0,0,5209,0,,,,,,
solana,0.0,10,25,72189.44,208.64,153.4557111875863,215.53374779980172,235.01181126014671,0.0,521.5999999999999,1.2508,7.0837,0.0,5216,1.0,400,0,0,5216,0,0,5216,0,,,,,,
solana,0.05,1,25,105582.64,209.16,141.87243606975548,208.26424933970054,237.72164988112448,0.0,522.9,1.7916,11.4543,0.0,4988,0.953910881621725,400,0,0,5229,0,0,5229,0,173,49,19,0.033084719831707785,0.009370816599732263,0.003633581946834959
solana,0.05,2,25,107704.68,210.0,177.71333341050192,247.05366769547297,277.1245842957593,0.04,525.0,2.3358,11.2897,0.0,4997,0.9518095238095238,400,0,0,5250,0,0,5250,0,187,44,22,0.03561904761904762,0.008380952380952381,0.004190476190476191
solana,0.05,3,25,110554.88,207.8,141.69243131963987,210.26666960770916,238.62248290174702,0.0,519.5,2.219,11.4794,0.0,4936,0.9501443695861406,400,0,0,5195,0,0,5195,0,187,45,27,0.03599615014436958,0.008662175168431183,0.00519730510105871
solana,0.05,4,25,115659.24,207.72,142.89214546652065,211.47772988475907,230.53942207290126,0.0,519.3,2.1367,9.3661,0.0,4900,0.943577893317928,400,0,0,5193,0,0,5193,0,203,62,28,0.03909108415174273,0.011939148854226844,0.005391873676102446
solana,0.05,5,25,107469.0,203.68,148.1524184998057,217.02264237400183,235.43946407138515,0.0,509.20000000000005,2.0383,11.3689,0.0,4838,0.9501178318931658,400,0,0,5092,0,0,5092,0,172,61,21,0.03377847604084839,0.011979575805184604,0.004124116260801257
solana,0.05,6,25,111610.6,210.24,120.57744187764318,198.07261717286877,207.88058551788336,0.0,525.6,2.1594,13.1655,0.0,5006,0.9524353120243532,400,0,0,5256,0,0,5256,0,173,50,27,0.03291476407914764,0.009512937595129375,0.005136986301369863
solana,0.05,7,25,110296.32,209.24,160.22854028875867,234.64399843917178,252.62326657157348,0.0,523.1,2.1522,12.6343,0.0,4943,0.9449436054291722,400,0,0,5231,0,0,5231,0,223,41,24,0.04263047218505066,0.007837889504874785,0.0045880328809023135
solana,0.05,8,25,111301.04,210.96,165.8135348604194,232.58580279084413,249.16111906901995,0.0,527.4,2.1397,11.6384,0.0,5031,0.9539249146757679,400,0,0,5274,0,0,5274,0,167,49,27,0.031664770572620404,0.009290860826697004,0.005119453924914676
solana,0.05,9,25,104620.04,208.36,135.82529512248985,220.12720388925015,237.67366076987253,0.0,520.9000000000001,1.6724,13.4175,0.0,4957,0.951622192359378,400,0,0,5209,0,0,5209,0,193,40,19,0.0370512574390478,0.007679017085813016,0.0036475331157611824
solana,0.05,10,25,111592.48,208.64,146.85955567755965,207.38295969250674,229.8042828052973,0.0,521.5999999999999,1.9872,11.3661,0.0,4970,0.9528374233128835,400,0,0,5216,0,0,5216,0,167,51,28,0.032016871165644174,0.009777607361963191,0.005368098159509203
solana,0.1,1,25,149768.16,209.16,143.23781135997876,215.31779306845968,233.10165311196425,0.0,522.9,2.6091,13.7083,0.0,4715,0.9017020462803595,400,0,0,5229,0,0,5229,0,355,109,50,0.06789061005928476,0.02084528590552687,0.009562057754828839
solana,0.1,2,25,151676.16,210.0,172.2802586701646,244.8613617485396,268.0858916929382,0.0,525.0,3.2809,22.2883,0.0,4716,0.8982857142857142,400,0,0,5250,0,0,5250,0,372,112,50,0.07085714285714285,0.021333333333333333,0.009523809523809525
solana,0.1,3,25,144482.24,207.8,137.17269260814666,205.16791418074982,231.9597473156401,0.0,519.5,2.9054,14.9577,0.0,4695,0.9037536092396535,400,0,0,5195,0,0,5195,0,368,82,50,0.07083734359961502,0.015784408084696822,0.009624639076034648
solana,0.1,4,25,154700.32,207.72,145.42581402929625,206.5456024540468,224.00565254743168,0.0,519.3,2.8577,17.2396,0.0,4646,0.8946658963989986,400,0,0,5193,0,0,5193,0,374,120,53,0.07202002695936838,0.023108030040439053,0.010206046601193916
solana,0.1,5,25,142579.68,203.68,175.51889592173188,240.74145875425734,254.592414678707,0.0,509.20000000000005,2.7096,15.7225,0.0,4599,0.9031814611154753,400,0,0,5092,0,0,5092,0,339,111,43,0.06657501963864886,0.021798900235663787,0.008444619010212097
solana,0.1,6,25,147239.56,210.24,133.99641067996038,207.59971807078483,222.44300907247896,0.0,525.6,2.7674,18.8044,0.0,4742,0.90220700152207,400,0,0,5256,0,0,5256,0,365,102,47,0.06944444444444445,0.019406392694063926,0.008942161339421613
solana,0.1,7,25,153201.84,209.24,163.31286171773266,241.91809346207927,254.8966354026566,0.0,523.1,3.0232,15.0304,0.0,4658,0.8904607149684572,400,0,0,5231,0,0,5231,0,424,96,53,0.08105524756260753,0.018352131523609254,0.010131905945325941
solana,0.1,8,25,145131.68,210.96,154.32996345974905,213.92619180064202,238.5942621459471,0.0,527.4,2.7125,15.6731,0.0,4782,0.906712172923777,400,0,0,5274,0,0,5274,0,347,99,46,0.0657944634053849,0.01877133105802048,0.008722032612817596
solana,0.1,9,25,145571.96,208.36,151.396685925334,230.27071943949713,251.25736630100658,0.0,520.9000000000001,2.3529,15.802,0.0,4674,0.8972931464772509,400,0,0,5209,0,0,5209,0,398,91,46,0.07640622000383951,0.01746976387022461,0.008830869648684968
solana,0.1,10,25,151740.12,208.64,156.64732088613565,221.3777657858625,239.7513694847039,0.0,521.5999999999999,2.78,13.3989,0.0,4728,0.906441717791411,400,0,0,5216,0,0,5216,0,333,96,59,0.0638420245398773,0.018404907975460124,0.011311349693251534
solana,0.15,1,25,183575.6,209.16,150.76565669885608,213.72909640829178,234.9457654549478,0.0,522.9,3.1608,17.6496,0.0,4477,0.8561866513673743,400,0,0,5229,0,0,5229,0,523,159,70,0.10001912411550966,0.030407343660355707,0.013386880856760375
solana,0.15,2,25,191837.04,210.0,172.35496740003856,247.215444397613,271.1525150970709,0.0,525.0,4.1217,22.8825,0.0,4453,0.8481904761904762,400,0,0,5250,0,0,5250,0,548,174,75,0.10438095238095238,0.03314285714285714,0.014285714285714285
solana,0.15,3,25,176698.96,207.8,142.28978277929943,216.92878030414695,244.79034309840716,0.0,519.5,3.3285,17.3175,0.0,4427,0.8521655437921078,400,0,0,5195,0,0,5195,0,563,143,62,0.10837343599615014,0.027526467757459094,0.011934552454282965
solana,0.15,4,25,190992.08,207.72,164.99247346617437,244.8391920556443,264.90588177557004,0.0,519.3,3.5795,27.153,0.0,4394,0.8461390333140767,400,0,0,5193,0,0,5193,0,564,156,79,0.10860774119006354,0.03004043905257077,0.015212786443289043
solana,0.15,5,25,191134.6,203.68,175.3809167490372,238.26294648514872,263.4117233361865,0.04,509.20000000000005,3.7849,18.1729,0.0,4295,0.8434799685781619,400,0,0,5092,0,0,5092,0,554,163,80,0.10879811468970935,0.032010997643362134,0.015710919088766692
solana,0.15,6,25,186883.28,210.24,150.06068443403953,225.3668771392637,240.61650766264196,0.0,525.6,3.4575,21.134,0.0,4454,0.8474124809741248,400,0,0,5256,0,0,5256,0,573,159,70,0.10901826484018265,0.030251141552511414,0.013318112633181126
solana,0.15,7,25,188953.12,209.24,166.47656537069,243.83297834012748,260.38601607219266,0.0,523.1,3.6964,16.0409,0.0,4398,0.8407570254253489,400,0,0,5231,0,0,5231,0,616,142,75,0.11775951060982603,0.02714586121200535,0.014337602752819728
solana,0.15,8,25,187715.56,210.96,168.31470777248975,240.2813350583071,257.6381645538009,0.0,527.4,3.4764,19.7574,0.0,4511,0.8553280242700038,400,0,0,5274,0,0,5274,0,521,170,72,0.0987864998103906,0.03223359878649981,0.013651877133105802
solana,0.15,9,25,181575.16,208.36,146.9637070529785,225.6566726478845,239.37461547736658,0.0,520.9000000000001,2.9781,17.9641,0.0,4439,0.8521789210980995,400,0,0,5209,0,0,5209,0,563,136,71,0.1080821654828182,0.026108658091764256,0.013630255327318104
solana,0.15,10,25,194160.44,208.64,155.6829453956194,223.20188407106212,241.4177662469684,0.0,521.5999999999999,3.6339,17.1917,0.0,4471,0.857170245398773,400,0,0,5216,0,0,5216,0,511,142,92,0.09796779141104295,0.027223926380368097,0.01763803680981595
solana,0.2,1,25,227082.68,209.16,136.36761370303043,215.84377224760473,234.24499142385793,0.0,522.9,4.001,21.5416,0.0,4206,0.8043602983362019,400,0,0,5229,0,0,5229,0,710,211,102,0.13578122011856952,0.0403518837253777,0.019506597819850834
solana,0.2,2,25,230006.36,210.0,168.78713065953417,253.4087582014343,276.3168049391124,0.0,525.0,4.8651,23.4282,0.0,4179,0.796,400,0,0,5250,0,0,5250,0,740,235,96,0.14095238095238094,0.04476190476190476,0.018285714285714287
solana,0.2,3,25,218825.84,207.8,157.13213995966348,230.26428228337153,261.4686146352386,0.04,519.5,4.2629,19.6896,0.0,4177,0.8040423484119346,400,0,0,5195,0,0,5195,0,730,194,94,0.14051973051010588,0.03734359961501444,0.01809432146294514
solana,0.2,4,25,229094.32,207.72,175.15877160819258,242.61010200039877,260.38745059314743,0.0,519.3,4.3163,31.1581,0.0,4154,0.7999229732331985,400,0,0,5193,0,0,5193,0,725,209,105,0.13961101482765262,0.04024648565376468,0.020219526285384173
solana,0.2,5,25,229226.96,203.68,165.53505204212698,241.00407437942076,258.6008595762956,0.0,509.20000000000005,4.5005,18.6082,0.0,4041,0.7935978004713276,400,0,0,5092,0,0,5092,0,725,223,103,0.14238020424194817,0.043794186959937156,0.020227808326787118
solana,0.2,6,25,231742.36,210.24,133.4972020944001,213.15294381575353,228.10917014083722,0.0,525.6,4.3248,25.0885,0.0,4169,0.7931887366818874,400,0,0,5256,0,0,5256,0,764,223,100,0.14535768645357686,0.042427701674277014,0.01902587519025875
solana,0.2,7,25,230083.48,209.24,167.4029823999099,249.49391484116376,266.4720729101496,0.0,523.1,4.4888,19.5686,0.0,4119,0.7874211431848595,400,0,0,5231,0,0,5231,0,811,200,101,0.15503727776715734,0.03823360734085261,0.019307971707130566
solana,0.2,8,25,232314.28,210.96,173.51075916716388,241.22000603161683,255.4368708905349,0.0,527.4,4.3631,25.7287,0.0,4236,0.8031854379977247,400,0,0,5274,0,0,5274,0,703,232,103,0.13329541145240803,0.043989381873340914,0.019529768676526355
solana,0.2,9,25,219193.2,208.36,150.6001734512614,238.16966790082412,250.4711098594753,0.0,520.9000000000001,3.5652,22.0536,0.0,4183,0.8030332117488962,400,0,0,5209,0,0,5209,0,740,192,94,0.1420618160875408,0.03685928201190248,0.018045690151660587
solana,0.2,10,25,231745.48,208.64,162.31356151266343,230.26502297972317,252.75033766513945,0.0,521.5999999999999,4.2585,22.7323,0.0,4208,0.8067484662576687,400,0,0,5216,0,0,5216,0,698,195,115,0.13381901840490798,0.037384969325153374,0.02204754601226994
solana,0.25,1,25,271275.64,209.16,145.27434740536935,220.9865591006743,240.99560885393328,0.0,522.9,4.8886,26.3327,0.0,3942,0.7538726333907056,400,0,0,5229,0,0,5229,0,889,262,136,0.17001338688085676,0.050105182635303114,0.02600879709313444
solana,0.25,2,25,264818.72,210.0,180.55131060621446,261.2765932421915,283.3768220589181,0.04,525.0,5.577,31.0072,0.0,3937,0.7499047619047619,400,0,0,5250,0,0,5250,0,910,286,117,0.17333333333333334,0.05447619047619048,0.022285714285714287
solana,0.25,3,25,259792.52,207.8,144.01631168467395,230.04776054751946,261.7220087739004,0.0,519.5,5.1558,24.4338,0.0,3918,0.754186717998075,400,0,0,5195,0,0,5195,0,911,242,124,0.1753609239653513,0.0465832531280077,0.02386910490856593
solana,0.25,4,25,269894.76,207.72,171.09329391279454,254.4603807040914,269.01673604962474,0.0,519.3,5.1877,33.2229,0.0,3916,0.7540920469863277,400,0,0,5193,0,0,5193,0,881,260,136,0.16965145388022337,0.05006739842095128,0.026189100712497592
solana,0.25,5,25,274828.12,203.68,174.46902567555688,252.6641556615641,262.22873090675336,0.0,509.20000000000005,5.4284,25.0701,0.0,3759,0.7382168106834249,400,0,0,5092,0,0,5092,0,910,289,134,0.17871170463472114,0.05675569520816968,0.02631578947368421
solana,0.25,6,25,265009.44,210.24,156.46517735058677,226.9349659045669,245.65682356655395,0.0,525.6,4.8995,29.1862,0.0,3917,0.7452435312024354,400,0,0,5256,0,0,5256,0,952,268,119,0.1811263318112633,0.05098934550989345,0.022640791476407914
solana,0.25,7,25,264505.8,209.24,169.40789992968774,250.56833296539892,267.6464200878148,0.08,523.1,5.09,23.7558,0.0,3870,0.739820302045498,400,0,0,5231,0,0,5231,0,987,254,120,0.18868285222710762,0.048556681322882815,0.022940164404511566
solana,0.25,8,25,269618.28,210.96,191.16425110597157,269.82615402013914,285.57071850814754,0.04,527.4,5.1324,26.1756,0.0,3995,0.7574895714827455,400,0,0,5274,0,0,5274,0,874,275,130,0.16571861964353432,0.05214258627227911,0.02464922260144103
solana,0.25,9,25,251661.96,208.36,138.73292561112692,227.40627968055364,243.56957835846035,0.0,520.9000000000001,4.0331,24.4134,0.0,3934,0.7552313303897101,400,0,0,5209,0,0,5209,0,926,237,112,0.1777692455365713,0.04549817623344212,0.021501247840276443
solana,0.25,10,25,274406.36,208.64,169.07271751720134,239.18568050728874,258.0659066302684,0.04,521.5999999999999,4.945,22.9926,0.0,3915,0.7505751533742331,400,0,0,5216,0,0,5216,0,899,262,140,0.1723542944785276,0.05023006134969325,0.026840490797546013
solana,0.3,1,25,312944.0,209.16,168.3442305402713,240.42848355763735,263.9905018740053,0.0,522.9,5.6426,30.1077,0.0,3668,0.7014725568942436,400,0,0,5229,0,0,5229,0,1083,313,165,0.20711417096959264,0.059858481545228534,0.03155479059093517
solana,0.3,2,25,298675.12,210.0,188.44920937347328,256.9296498672558,282.88900664418384,0.0,525.0,6.2794,35.0938,0.0,3676,0.7001904761904761,400,0,0,5250,0,0,5250,0,1113,323,138,0.212,0.06152380952380952,0.026285714285714287
solana,0.3,3,25,295482.56,207.8,170.229275136316,246.93933786060057,273.02152022824134,0.04,519.5,5.7582,33.0126,0.0,3660,0.7045235803657363,400,0,0,5195,0,0,5195,0,1091,301,143,0.21000962463907605,0.05794032723772859,0.027526467757459094
solana,0.3,4,25,309509.32,207.72,168.9633874262601,246.12376771124298,266.4332590811071,0.0,519.3,5.9893,38.9943,0.0,3677,0.7080685538224533,400,0,0,5193,0,0,5193,0,1040,311,165,0.20026959368380512,0.05988831118813788,0.0317735413056037
solana,0.3,5,25,317539.28,203.68,179.72285453115728,252.6134800491817,276.9140893935168,0.0,509.20000000000005,6.3238,29.2246,0.0,3498,0.6869599371563236,400,0,0,5092,0,0,5092,0,1082,348,164,0.21249018067556952,0.06834249803613511,0.03220738413197172
solana,0.3,6,25,296330.24,210.24,153.70526023487236,238.84651639309516,255.84181765911566,0.0,525.6,5.4164,29.5566,0.0,3682,0.7005327245053272,400,0,0,5256,0,0,5256,0,1123,315,136,0.2136605783866058,0.059931506849315065,0.0258751902587519
solana,0.3,7,25,299555.36,209.24,188.15072294047553,269.3972746414503,287.9354471008922,0.04,523.1,5.763,24.7118,0.0,3627,0.693366469126362,400,0,0,5231,0,0,5231,0,1160,302,142,0.22175492257694512,0.05773274708468744,0.02714586121200535
solana,0.3,8,25,307325.68,210.96,179.08932148183015,253.83595052053323,265.67027651984773,0.04,527.4,5.8729,29.9248,0.0,3734,0.708001516875237,400,0,0,5274,0,0,5274,0,1067,317,156,0.20231323473644292,0.06010618126659082,0.02957906712172924
solana,0.3,9,25,296668.92,208.36,157.5878536214414,245.92195228349934,262.06479763139777,0.0,520.9000000000001,4.7581,29.9237,0.0,3651,0.7009022845075831,400,0,0,5209,0,0,5209,0,1110,307,141,0.2130927241313112,0.058936456133614895,0.02706853522749088
solana,0.3,10,25,310345.96,208.64,178.11195049241348,238.69558527835383,264.5071840495599,0.0,521.5999999999999,5.5751,31.2042,0.0,3673,0.7041794478527608,400,0,0,5216,0,0,5216,0,1071,308,164,0.205329754601227,0.059049079754601226,0.03144171779141104
solana,0.35,1,25,356295.72,209.16,159.26972344115134,230.5983338594213,252.2620015743911,0.0,522.9,6.4346,39.7762,0.0,3388,0.6479250334672021,400,0,0,5229,0,0,5229,0,1274,373,194,0.24364123159303883,0.07133295085102315,0.0371007840887359
solana,0.35,2,25,337267.52,210.0,169.49102504366175,252.89383399400825,272.17543518025997,0.08,525.0,7.1072,44.4553,0.0,3414,0.6502857142857142,400,0,0,5250,0,0,5250,0,1295,379,162,0.24666666666666667,0.0721904761904762,0.030857142857142857
solana,0.35,3,25,337576.44,207.8,144.52297370790905,223.69211795896908,253.21005995035418,0.0,519.5,6.7064,36.9456,0.0,3403,0.6550529355149182,400,0,0,5195,0,0,5195,0,1268,349,175,0.2440808469682387,0.06717998075072185,0.03368623676612127
solana,0.35,4,25,354615.6,207.72,155.92988916670785,236.90444916056728,259.25825988770305,0.04,519.3,6.9937,39.1684,0.0,3399,0.6545349508954361,400,0,0,5193,0,0,5193,0,1242,350,202,0.2391681109185442,0.06739842095128057,0.03889851723473907
solana,0.35,5,25,353593.76,203.68,191.9279757465417,264.3907285898285,280.60525892161564,0.04,509.20000000000005,7.0218,31.2086,0.0,3251,0.6384524744697565,400,0,0,5092,0,0,5092,0,1257,397,187,0.24685781618224667,0.07796543597800472,0.03672427336999214
solana,0.35,6,25,336080.44,210.24,152.5329949448532,231.34650276271248,249.6312889357557,0.0,525.6,6.2049,28.0513,0.0,3422,0.6510654490106544,400,0,0,5256,0,0,5256,0,1304,367,163,0.2480974124809741,0.06982496194824962,0.031012176560121764
solana,0.35,7,25,341512.16,209.24,186.5365878729288,275.33554576051415,292.24348299966533,0.0,523.1,6.5837,26.3093,0.0,3342,0.6388835786656472,400,0,0,5231,0,0,5231,0,1361,359,169,0.260179697954502,0.06862932517683043,0.032307398203020456
solana,0.35,8,25,342896.04,210.96,180.23981240878314,254.56973855770644,272.8757931787389,0.04,527.4,6.5111,35.7968,0.0,3467,0.6573758058399697,400,0,0,5274,0,0,5274,0,1270,359,178,0.24080394387561624,0.06806977626090253,0.03375047402351156
solana,0.35,9,25,339833.8,208.36,141.34084216511326,224.45282907451465,242.10989938756876,0.0,520.9000000000001,5.6128,35.6811,0.0,3400,0.6527164522941064,400,0,0,5209,0,0,5209,0,1281,352,176,0.24592052217316185,0.06757535035515454,0.03378767517757727
solana,0.35,10,25,351185.4,208.64,164.69787622783778,236.10028076140176,253.06522069762738,0.0,521.5999999999999,6.2955,36.7323,0.0,3402,0.6522239263803681,400,0,0,5216,0,0,5216,0,1260,363,191,0.2415644171779141,0.06959355828220859,0.0366180981595092
solana,0.4,1,25,400839.16,209.16,154.26071507882347,226.13999087392702,253.58807455015491,0.0,522.9,7.0978,42.0732,0.0,3077,0.5884490342321668,400,0,0,5229,0,0,5229,0,1481,454,217,0.2832281506980302,0.08682348441384585,0.041499330655957165
solana,0.4,2,25,378917.6,210.0,187.86959690937016,266.05769815525247,287.80732471648776,0.04,525.0,8.1221,50.1305,0.0,3159,0.6017142857142858,400,0,0,5250,0,0,5250,0,1469,429,193,0.2798095238095238,0.08171428571428571,0.03676190476190476
solana,0.4,3,25,376678.68,207.8,164.27743061590914,244.08641991085048,275.37737024924036,0.0,519.5,7.4909,43.1892,0.0,3151,0.6065447545717035,400,0,0,5195,0,0,5195,0,1439,404,201,0.2769971126082772,0.07776708373435996,0.03869104908565929
solana,0.4,4,25,391851.08,207.72,175.08338805585697,263.27391153998144,282.09949967489786,0.0,519.3,7.6967,48.8579,0.0,3143,0.6052378201424995,400,0,0,5193,0,0,5193,0,1428,395,227,0.2749855574812247,0.07606393221644521,0.04371269015983054
solana,0.4,5,25,398840.44,203.68,200.89803945252817,273.19318461162925,291.544252957153,0.04,509.20000000000005,7.9634,31.4947,0.0,2968,0.5828750981932443,400,0,0,5092,0,0,5092,0,1449,456,219,0.28456402199528674,0.08955223880597014,0.043008641005498824
solana,0.4,6,25,377618.96,210.24,174.27692763233787,249.5647960652307,265.38515615551137,0.0,525.6,6.8823,39.2694,0.0,3139,0.5972222222222222,400,0,0,5256,0,0,5256,0,1489,443,185,0.2832952815829528,0.08428462709284627,0.03519786910197869
solana,0.4,7,25,378061.6,209.24,200.3988115720795,280.80330637664935,301.65760816026307,0.0,523.1,7.1745,28.8204,0.0,3087,0.5901357293060601,400,0,0,5231,0,0,5231,0,1531,425,188,0.2926782641942267,0.0812464155993118,0.035939590900401455
solana,0.4,8,25,379790.2,210.96,184.027805299963,262.0173152531648,279.4003428483193,0.04,527.4,7.0708,34.5305,0.0,3193,0.605422828972317,400,0,0,5274,0,0,5274,0,1461,424,196,0.2770193401592719,0.08039438756162305,0.037163443306788016
solana,0.4,9,25,379760.08,208.36,158.42690836096813,245.33993827716225,264.19801731766796,0.0,520.9000000000001,6.3064,45.0462,0.0,3135,0.6018429641005951,400,0,0,5209,0,0,5209,0,1471,399,204,0.28239585333077366,0.07659819543098484,0.039162987137646384
solana,0.4,10,25,391371.96,208.64,180.3703331540995,244.01192138780996,264.51626030749975,0.0,521.5999999999999,6.965,39.2733,0.0,3131,0.6002684049079755,400,0,0,5216,0,0,5216,0,1447,422,216,0.27741564417177916,0.08090490797546013,0.04141104294478527
solana,0.45,1,25,443829.04,209.16,183.85582114992056,257.4345851017262,277.5231351626007,0.04,522.9,7.8619,36.346,0.0,2783,0.5322241346337732,400,0,0,5229,0,0,5229,0,1694,506,246,0.32396251673360105,0.09676802447886786,0.04704532415375789
solana,0.45,2,25,415686.08,210.0,204.51509081825506,284.3179391907452,307.66913289423775,0.04,525.0,8.9472,57.6246,0.0,2916,0.5554285714285714,400,0,0,5250,0,0,5250,0,1640,476,218,0.31238095238095237,0.09066666666666667,0.041523809523809525
solana,0.45,3,25,414148.84,207.8,168.0256196767545,251.17720519600567,284.3895423798265,0.04,519.5,8.2108,39.7356,0.0,2893,0.5568816169393648,400,0,0,5195,0,0,5195,0,1623,454,225,0.3124157844080847,0.0873917228103946,0.04331087584215592
solana,0.45,4,25,432800.48,207.72,192.61458251420714,269.7035382035604,285.0131878610021,0.0,519.3,8.4396,49.2435,0.0,2859,0.5505488157134605,400,0,0,5193,0,0,5193,0,1628,454,252,0.31349894088195646,0.08742538031966109,0.04852686308492201
solana,0.45,5,25,439508.8,203.68,208.82800869256226,281.9940561086218,298.7196417775524,0.08,509.20000000000005,8.8366,41.0351,0.0,2706,0.5314218381775334,400,0,0,5092,0,0,5092,0,1633,505,248,0.3206991358994501,0.09917517674783975,0.04870384917517675
solana,0.45,6,25,412834.72,210.24,148.6503878472932,230.16745552822962,252.6479199439842,0.0,525.6,7.4837,41.5154,0.0,2877,0.5473744292237442,400,0,0,5256,0,0,5256,0,1681,493,205,0.3198249619482496,0.09379756468797565,0.03900304414003044
solana,0.45,7,25,407076.72,209.24,202.8118525761896,282.47221266387965,298.9038483088847,0.04,523.1,7.6659,32.7414,0.0,2860,0.5467405849741923,400,0,0,5231,0,0,5231,0,1700,468,203,0.3249856623972472,0.0894666411775951,0.038807111450965395
solana,0.45,8,25,421693.28,210.96,197.15923770762907,274.17501161792865,295.1209603282396,0.04,527.4,7.9019,37.0134,0.0,2915,0.5527114144861585,400,0,0,5274,0,0,5274,0,1659,475,225,0.31456200227531284,0.090064467197573,0.042662116040955635
solana,0.45,9,25,424354.0,208.36,168.78368416898232,254.05992263531706,269.6545016804654,0.0,520.9000000000001,7.1336,53.287,0.0,2846,0.5463620656555961,400,0,0,5209,0,0,5209,0,1679,447,237,0.32232674217700136,0.08581301593396046,0.04549817623344212
solana,0.45,10,25,434736.04,208.64,181.03994709698978,252.60643998860698,274.05990937600257,0.04,521.5999999999999,7.8238,41.3184,0.0,2868,0.5498466257668712,400,0,0,5216,0,0,5216,0,1627,472,249,0.31192484662576686,0.09049079754601227,0.047737730061349695
solana,0.5,1,25,480564.44,209.16,168.65937075834768,242.76051506933186,259.10767774551476,0.0,522.9,8.4902,38.5999,0.0,2537,0.4851788104800153,400,0,0,5229,0,0,5229,0,1863,560,269,0.35628227194492257,0.107095046854083,0.051443870720979154
solana,0.5,2,25,458025.56,210.0,209.78318933246646,284.2579394204704,304.55904499841375,0.04,525.0,9.892,59.9528,0.0,2625,0.5,400,0,0,5250,0,0,5250,0,1850,529,246,0.3523809523809524,0.10076190476190476,0.046857142857142854
solana,0.5,3,25,459520.24,207.8,160.6575255359956,244.68629334150518,279.8176895275618,0.0,519.5,9.2071,52.6162,0.0,2621,0.5045235803657363,400,0,0,5195,0,0,5195,0,1802,514,258,0.34687199230028876,0.0989412897016362,0.04966313763233879
solana,0.5,4,25,472069.04,207.72,180.1092303083582,261.8484871105991,279.8943740238671,0.08,519.3,9.2022,57.5399,0.0,2582,0.49720777970344693,400,0,0,5193,0,0,5193,0,1836,496,279,0.3535528596187175,0.09551319083381475,0.053726169844020795
solana,0.5,5,25,476782.16,203.68,199.07198952512724,275.13437516578495,289.7502093324191,0.04,509.20000000000005,9.5759,43.0999,0.0,2467,0.4844854673998429,400,0,0,5092,0,0,5092,0,1795,557,273,0.3525137470542027,0.1093872741555381,0.05361351139041634
solana,0.5,6,25,451687.52,210.24,167.81799027241036,246.6463084534779,268.81474643456943,0.0,525.6,8.1867,45.3982,0.0,2603,0.4952435312024353,400,0,0,5256,0,0,5256,0,1878,546,229,0.3573059360730594,0.10388127853881278,0.04356925418569254
solana,0.5,7,25,458395.8,209.24,208.07073640732014,299.9185468589327,318.123901885779,0.16,523.1,8.8411,34.8289,0.0,2574,0.49206652647677307,400,0,0,5231,0,0,5231,0,1884,529,244,0.3601605811508316,0.10112789141655515,0.046645000955840184
solana,0.5,8,25,461058.48,210.96,201.0599104278322,270.6934882873085,287.86449320647625,0.12,527.4,8.7183,41.7681,0.0,2650,0.502464922260144,400,0,0,5274,0,0,5274,0,1856,514,254,0.3519150549867273,0.09745923397800531,0.048160788775123246
solana,0.5,9,25,456888.84,208.36,172.04387693204495,258.293160176452,277.7468255796257,0.0,520.9000000000001,7.6337,57.3271,0.0,2607,0.5004799385678633,400,0,0,5209,0,0,5209,0,1857,488,257,0.35649836820886927,0.09368400844691879,0.049337684776348624
solana,0.5,10,25,468698.88,208.64,172.56016198791377,244.78112931148223,263.19677534730965,0.0,521.5999999999999,8.4608,50.7881,0.0,2637,0.5055598159509203,400,0,0,5216,0,0,5216,0,1797,509,273,0.34451687116564417,0.09758435582822086,0.05233895705521473
solana,0.55,1,25,515578.48,209.16,192.7630477479042,260.52908181756857,285.8286841806244,0.04,522.9,9.0514,49.1059,0.0,2286,0.43717728055077454,400,0,0,5229,0,0,5229,0,2041,613,289,0.3903231975521132,0.11723082807420157,0.05526869382291069
solana,0.55,2,25,486446.68,210.0,204.89093883285597,286.23508331072264,311.78993898813604,0.16,525.0,10.4807,61.5293,0.0,2387,0.45466666666666666,400,0,0,5250,0,0,5250,0,2048,551,264,0.3900952380952381,0.10495238095238095,0.05028571428571429
solana,0.55,3,25,500517.48,207.8,155.38418219420382,242.90505800277936,281.14943258957186,0.08,519.5,10.0562,56.3156,0.0,2364,0.4550529355149182,400,0,0,5195,0,0,5195,0,1980,563,288,0.3811357074109721,0.10837343599615014,0.05543792107795958
solana,0.55,4,25,505784.76,207.72,182.31257015267545,264.18658807278405,284.6068609441678,0.04,519.3,9.7482,63.3362,0.0,2340,0.4506065857885615,400,0,0,5193,0,0,5193,0,2007,548,298,0.38648180242634317,0.105526670518005,0.05738494126709032
solana,0.55,5,25,499173.64,203.68,215.59098407395828,292.8967425147214,310.6345350662485,0.12,509.20000000000005,9.8906,45.5379,0.0,2259,0.4436370777690495,400,0,0,5092,0,0,5092,0,1963,588,282,0.3855066771406127,0.11547525530243519,0.05538098978790259
solana,0.55,6,25,505404.0,210.24,175.01763954176656,257.58009823314245,273.91740140802733,0.04,525.6,9.4008,51.2402,0.0,2313,0.4400684931506849,400,0,0,5256,0,0,5256,0,2061,609,273,0.3921232876712329,0.1158675799086758,0.05194063926940639
solana,0.55,7,25,500012.84,209.24,187.572870019302,279.915388980113,294.5439466040883,0.04,523.1,9.7495,44.0142,0.0,2314,0.4423628369336647,400,0,0,5231,0,0,5231,0,2062,581,274,0.3941884916841904,0.11106862932517683,0.05238004205696808
solana,0.55,8,25,501855.0,210.96,184.7443083316023,264.9227970676653,284.2643244430177,0.04,527.4,9.3865,44.1516,0.0,2360,0.44747819491846796,400,0,0,5274,0,0,5274,0,2059,578,277,0.39040576412590067,0.10959423587409936,0.05252180508153204
solana,0.55,9,25,501880.2,208.36,159.39581469860244,248.57273899659268,262.1883804828627,0.04,520.9000000000001,8.4982,61.3671,0.0,2336,0.4484545978114801,400,0,0,5209,0,0,5209,0,2050,529,294,0.39354962564791707,0.10155500095987714,0.05644077558072567
solana,0.55,10,25,500894.88,208.64,166.08847663233354,240.93405378983826,263.18165311077615,0.0,521.5999999999999,8.8727,53.0812,0.0,2383,0.4568634969325153,400,0,0,5216,0,0,5216,0,1979,567,287,0.379409509202454,0.10870398773006135,0.05502300613496933
solana,0.6,1,25,542484.56,209.16,194.16279571015102,261.9619490045815,283.9728227503803,0.08,522.9,9.299,39.6222,0.0,2056,0.39319181487856186,400,0,0,5229,0,0,5229,0,2206,670,297,0.4218779881430484,0.12813157391470645,0.05679862306368331
solana,0.6,2,25,525125.8,210.0,214.530762320978,288.95404754205003,309.26442826268305,0.08,525.0,11.2584,65.3248,0.0,2125,0.40476190476190477,400,0,0,5250,0,0,5250,0,2223,616,286,0.42342857142857143,0.11733333333333333,0.05447619047619048
solana,0.6,3,25,545123.6,207.8,176.70501349838068,267.45259856587126,301.5355261499874,0.08,519.5,11.0471,49.5804,0.0,2100,0.40423484119345526,400,0,0,5195,0,0,5195,0,2153,621,321,0.414436958614052,0.11953801732435033,0.061790182868142446
solana,0.6,4,25,554619.72,207.72,188.19447803017448,269.0633003141621,291.520636742133,0.08,519.3,10.8364,67.217,0.0,2058,0.3963027151935298,400,0,0,5193,0,0,5193,0,2199,598,338,0.42345465049104564,0.11515501636818795,0.06508761794723666
solana,0.6,5,25,536817.36,203.68,197.94610685178438,275.6954385324875,292.28346451815605,0.12,509.20000000000005,10.5806,51.4214,0.0,1995,0.3917910447761194,400,0,0,5092,0,0,5092,0,2151,641,305,0.4224273369992145,0.12588373919874313,0.059897879025923015
solana,0.6,6,25,548357.36,210.24,163.12530874839774,245.77655052615225,261.90698149937697,0.04,525.6,10.3688,57.2614,0.0,2055,0.3909817351598174,400,0,0,5256,0,0,5256,0,2240,654,307,0.426179604261796,0.12442922374429223,0.058409436834094365
solana,0.6,7,25,539049.16,209.24,201.44742498688174,293.6347759493617,309.21830793578846,0.12,523.1,10.5746,47.6447,0.0,2044,0.39074746702351365,400,0,0,5231,0,0,5231,0,2265,620,302,0.4329956031351558,0.11852418275664309,0.05773274708468744
solana,0.6,8,25,541863.16,210.96,209.96945271758406,284.35885680584107,304.2917528034705,0.2,527.4,10.1693,48.1863,0.0,2083,0.39495638983693593,400,0,0,5274,0,0,5274,0,2262,625,304,0.42889647326507396,0.11850587789154342,0.05764125900644672
solana,0.6,9,25,548501.16,208.36,163.74651914026038,249.12742171674148,264.47951995180983,0.0,520.9000000000001,9.4257,61.4042,0.0,2068,0.3970051833365329,400,0,0,5209,0,0,5209,0,2231,578,332,0.42829717796122097,0.11096179688999808,0.06373584181224803
solana,0.6,10,25,538109.84,208.64,186.63155965367415,262.9314912315103,281.8588744730883,0.0,521.5999999999999,9.6659,51.3087,0.0,2131,0.4085506134969325,400,0,0,5216,0,0,5216,0,2182,584,319,0.4183282208588957,0.11196319018404909,0.0611579754601227
solana,0.65,1,25,573596.4,209.16,191.029438737333,265.22911226760954,291.35340466605123,0.12,522.9,9.8329,46.9259,0.0,1813,0.3467202141900937,400,0,0,5229,0,0,5229,0,2396,704,316,0.45821380761139796,0.13463377318799005,0.06043220501051826
solana,0.65,2,25,561736.48,210.0,217.19224013548785,296.60448175850865,315.99516098517756,0.08,525.0,12.0136,71.5457,0.0,1868,0.3558095238095238,400,0,0,5250,0,0,5250,0,2405,669,308,0.4580952380952381,0.12742857142857142,0.058666666666666666
solana,0.65,3,25,592232.2,207.8,168.14569657764835,256.2274081494558,290.1417404571724,0.04,519.5,12.0568,57.8274,0.0,1809,0.3482194417709336,400,0,0,5195,0,0,5195,0,2350,681,355,0.4523580365736285,0.1310875842155919,0.068334937439846
solana,0.65,4,25,586430.68,207.72,180.24761178463632,266.57316598910745,284.68625230123985,0.0,519.3,11.3047,75.0905,0.0,1801,0.34681301752358945,400,0,0,5193,0,0,5193,0,2391,648,353,0.4604274985557481,0.12478336221837089,0.06797612170229154
solana,0.65,5,25,573978.4,203.68,216.6532346376506,293.1183179444234,307.71999723302065,0.12,509.20000000000005,11.4323,58.8473,0.0,1760,0.34564021995286726,400,0,0,5092,0,0,5092,0,2321,677,334,0.4558130400628437,0.13295365278868815,0.06559308719560095
solana,0.65,6,25,586605.12,210.24,167.71141637686247,252.64289056151497,270.15391386408675,0.0,525.6,11.168,62.757,0.0,1808,0.3439878234398782,400,0,0,5256,0,0,5256,0,2413,701,334,0.4590943683409437,0.13337138508371385,0.06354642313546423
solana,0.65,7,25,579130.68,209.24,197.06672213548782,291.81117180099466,310.95347409599634,0.12,523.1,11.4147,58.6211,0.0,1794,0.3429554578474479,400,0,0,5231,0,0,5231,0,2433,674,330,0.465111833301472,0.12884725673867328,0.0630854521124068
solana,0.65,8,25,579728.24,210.96,187.5671929326411,277.31702567546574,294.3009032807313,0.08,527.4,10.9049,50.7064,0.0,1842,0.3492605233219568,400,0,0,5274,0,0,5274,0,2426,676,330,0.45999241562381493,0.12817595752749336,0.06257110352673492
solana,0.65,9,25,589103.36,208.36,169.00289018241207,263.002297924711,280.0838844365059,0.04,520.9000000000001,10.0899,56.6599,0.0,1800,0.34555576886158573,400,0,0,5209,0,0,5209,0,2411,641,357,0.46285275484737953,0.12305624880015358,0.06853522749088117
solana,0.65,10,25,581968.8,208.64,194.52029100412744,265.5648743529038,286.0155354202433,0.0,521.5999999999999,10.4161,55.6345,0.0,1864,0.35736196319018404,400,0,0,5216,0,0,5216,0,2345,661,346,0.4495782208588957,0.1267254601226994,0.06633435582822086
solana,0.7,1,25,619638.08,209.16,195.31645684833947,269.97344602936437,288.6082529816586,0.0,522.9,10.8937,58.331,0.0,1560,0.2983362019506598,400,0,0,5229,0,0,5229,0,2576,734,359,0.4926372155287818,0.14037100784088735,0.06865557467967107
solana,0.7,2,25,597941.32,210.0,212.27771337292143,294.19960977175333,316.2230710490748,0.12,525.0,12.7766,75.6686,0.0,1626,0.3097142857142857,400,0,0,5250,0,0,5250,0,2572,721,331,0.4899047619047619,0.13733333333333334,0.06304761904761905
solana,0.7,3,25,631334.52,207.8,167.39011378363912,261.3411617826365,296.656850440973,0.0,519.5,12.8685,69.1839,0.0,1553,0.2989412897016362,400,0,0,5195,0,0,5195,0,2533,726,383,0.4875842155919153,0.1397497593840231,0.0737247353224254
solana,0.7,4,25,623814.0,207.72,187.20967312915798,276.72871185945843,295.6140062959292,0.04,519.3,11.963,71.8192,0.0,1549,0.29828615443866746,400,0,0,5193,0,0,5193,0,2564,704,376,0.4937415751973811,0.13556710957057577,0.0724051607933757
solana,0.7,5,25,601249.04,203.68,218.02485730711047,293.04630343774426,311.5807631537591,0.12,509.20000000000005,11.8849,62.5416,0.0,1535,0.30145326001571093,400,0,0,5092,0,0,5092,0,2499,709,349,0.49076983503534954,0.1392380204241948,0.0685388845247447
solana,0.7,6,25,631440.92,210.24,190.78904926848816,280.7785684089877,299.6432368526592,0.12,525.6,12.0098,75.4326,0.0,1538,0.2926179604261796,400,0,0,5256,0,0,5256,0,2580,775,363,0.4908675799086758,0.14745053272450534,0.06906392694063927
solana,0.7,7,25,615580.2,209.24,211.27056810152308,306.9768269085656,323.7949942349109,0.16,523.1,12.2378,60.9083,0.0,1558,0.29783980118524184,400,0,0,5231,0,0,5231,0,2606,709,358,0.4981839036513095,0.1355381380233225,0.06843815714012617
solana,0.7,8,25,623605.56,210.96,223.01590574851608,308.02613535545265,326.08676821062863,0.16,527.4,11.7054,60.2034,0.0,1552,0.29427379598028064,400,0,0,5274,0,0,5274,0,2621,744,357,0.4969662495259765,0.1410693970420933,0.0676905574516496
solana,0.7,9,25,611056.88,208.36,159.8739435516029,251.08673846959212,263.4207873138025,0.0,520.9000000000001,10.1701,55.0661,0.0,1562,0.29986561720099825,400,0,0,5209,0,0,5209,0,2595,695,357,0.4981762334421194,0.13342292186600116,0.06853522749088117
solana,0.7,10,25,628156.72,208.64,188.9876748499185,258.5732046734653,279.62637110265035,0.0,521.5999999999999,11.2006,63.902,0.0,1574,0.3017638036809816,400,0,0,5216,0,0,5216,0,2534,732,376,0.4858128834355828,0.14033742331288343,0.07208588957055215
solana,0.75,1,25,662226.04,209.16,192.13228378875755,265.5964224173615,286.9779914685653,0.04,522.9,11.8524,59.0946,0.0,1333,0.25492445974373684,400,0,0,5229,0,0,5229,0,2727,772,397,0.5215146299483648,0.1476381717345573,0.07592273857334099
solana,0.75,2,25,643440.0,210.0,211.63552447171523,287.7208581131808,311.08602470012704,0.04,525.0,13.9512,84.9332,0.0,1364,0.2598095238095238,400,0,0,5250,0,0,5250,0,2749,769,368,0.5236190476190477,0.14647619047619048,0.0700952380952381
solana,0.75,3,25,672584.64,207.8,185.99560406750786,275.99567494194605,305.4253292859375,0.0,519.5,13.6633,76.6812,0.0,1279,0.24619826756496632,400,0,0,5195,0,0,5195,0,2717,791,408,0.5230028873917228,0.15226179018286815,0.07853705486044274
solana,0.75,4,25,661919.64,207.72,190.79098167333518,276.4386339578889,289.87042525439574,0.08,519.3,12.5323,77.7772,0.0,1272,0.24494511842865396,400,0,0,5193,0,0,5193,0,2751,776,394,0.5297515886770653,0.1494319275948392,0.07587136529944155
solana,0.75,5,25,641868.48,203.68,200.88459027153095,277.85800994552307,297.45073053296585,0.08,509.20000000000005,12.7387,66.6214,0.0,1294,0.2541241162608013,400,0,0,5092,0,0,5092,0,2654,766,378,0.5212097407698351,0.15043205027494108,0.07423409269442262
solana,0.75,6,25,664870.68,210.24,176.7906078060071,258.25002124541004,279.07200147671233,0.04,525.6,12.65,89.745,0.0,1310,0.24923896499238965,400,0,0,5256,0,0,5256,0,2743,818,385,0.5218797564687976,0.1556316590563166,0.0732496194824962
solana,0.75,7,25,647558.92,209.24,194.6916395860321,286.657296491273,306.10861818457374,0.08,523.1,12.9134,70.2146,0.0,1325,0.2532976486331485,400,0,0,5231,0,0,5231,0,2789,736,381,0.5331676543681897,0.1406996750143376,0.07283502198432422
solana,0.75,8,25,662998.88,210.96,236.50138743780852,321.4632948884737,339.03028336133656,0.32,527.4,12.5139,64.0642,0.0,1284,0.2434584755403868,400,0,0,5274,0,0,5274,0,2822,782,386,0.5350777398558969,0.14827455441789913,0.07318923018581722
solana,0.75,9,25,653235.04,208.36,161.1254844787591,252.85654401039793,267.2660104689648,0.0,520.9000000000001,10.915,65.2219,0.0,1300,0.249568055288923,400,0,0,5209,0,0,5209,0,2772,750,387,0.532155884046842,0.14398157035899406,0.07429449030524093
solana,0.75,10,25,664612.16,208.64,193.6073051666985,270.6518925471009,297.03387910179435,0.08,521.5999999999999,11.8044,74.8467,0.0,1302,0.24961656441717792,400,0,0,5216,0,0,5216,0,2738,778,398,0.5249233128834356,0.1491564417177914,0.0763036809815951
solana,0.8,1,25,701506.88,209.16,186.2183218001853,268.0268230162083,287.0426501110611,0.04,522.9,12.6338,53.3181,0.0,1077,0.2059667240390132,400,0,0,5229,0,0,5229,0,2912,814,426,0.5568942436412316,0.1556703002486135,0.0814687320711417
solana,0.8,2,25,679907.56,210.0,219.18171481104855,306.40613107429084,326.9060693249945,0.16,525.0,14.6716,83.3325,0.0,1121,0.21352380952380953,400,0,0,5250,0,0,5250,0,2906,835,388,0.5535238095238095,0.15904761904761905,0.0739047619047619
solana,0.8,3,25,705290.56,207.8,198.55825672153597,287.14598262109297,319.97954825321483,0.08,519.5,14.2332,73.5225,0.0,1031,0.19846005774783446,400,0,0,5195,0,0,5195,0,2900,838,426,0.5582290664100096,0.16130895091434072,0.0820019249278152
solana,0.8,4,25,695689.08,207.72,184.52674934665183,269.05802422449835,285.2065482589762,0.08,519.3,13.0404,80.041,0.0,1023,0.19699595609474294,400,0,0,5193,0,0,5193,0,2925,834,411,0.5632582322357019,0.1606008087810514,0.07914500288850375
solana,0.8,5,25,674102.56,203.68,224.0266539647498,298.7232155925028,318.2181927290401,0.12,509.20000000000005,13.3392,70.3033,0.0,1047,0.2056166535742341,400,0,0,5092,0,0,5092,0,2842,806,397,0.5581304006284368,0.15828750981932443,0.07796543597800472
solana,0.8,6,25,701101.2,210.24,185.8310622776987,270.416067787298,287.5317610101111,0.08,525.6,13.3331,88.6459,0.0,1060,0.20167427701674276,400,0,0,5256,0,0,5256,0,2921,867,408,0.5557458143074582,0.1649543378995434,0.0776255707762557
solana,0.8,7,25,686944.72,209.24,208.24256312345585,300.2128062097396,322.6762352062447,0.12,523.1,13.6747,72.5865,0.0,1052,0.20110877461288473,400,0,0,5231,0,0,5231,0,2981,793,405,0.5698719174154081,0.1515962531064806,0.07742305486522653
solana,0.8,8,25,695401.48,210.96,215.46249483429207,297.38912798637676,317.82655790605344,0.12,527.4,12.9662,68.1858,0.0,1029,0.1951080773606371,400,0,0,5274,0,0,5274,0,3004,841,400,0.5695866514979143,0.15946150929086084,0.07584376185058779
solana,0.8,9,25,694701.76,208.36,191.2584965482147,277.28529236647927,298.29799299314146,0.0,520.9000000000001,11.6567,67.5323,0.0,1033,0.19831061624112115,400,0,0,5209,0,0,5209,0,2964,794,418,0.5690151660587445,0.15242848915338836,0.08024572854674601
solana,0.8,10,25,723875.44,208.64,196.42324077799688,267.2696086682697,292.6994996264392,0.0,521.5999999999999,13.189,82.9777,0.0,1019,0.19536042944785276,400,0,0,5216,0,0,5216,0,2909,835,453,0.557707055214724,0.16008435582822086,0.08684815950920245
solana,0.85,1,25,743157.2,209.16,195.94503117361404,270.86608225898544,295.28183439283913,0.04,522.9,13.5459,60.5849,0.0,810,0.1549053356282272,400,0,0,5229,0,0,5229,0,3122,834,463,0.5970548862115127,0.15949512335054503,0.08854465480971505
solana,0.85,2,25,726335.32,210.0,219.38354251547165,301.23787991895284,322.37395079325694,0.16,525.0,15.8307,78.9064,0.0,825,0.15714285714285714,400,0,0,5250,0,0,5250,0,3121,880,424,0.5944761904761905,0.1676190476190476,0.08076190476190476
solana,0.85,3,25,723140.16,207.8,205.60189871403585,297.85554035156565,331.5619129726397,0.08,519.5,14.2557,76.8901,0.0,812,0.1563041385948027,400,0,0,5195,0,0,5195,0,3082,876,425,0.5932627526467757,0.16862367661212704,0.08180943214629452
solana,0.85,4,25,735150.92,207.72,187.57593138585668,268.6184917514626,287.4248100571031,0.08,519.3,13.8913,78.2747,0.0,770,0.14827652609281725,400,0,0,5193,0,0,5193,0,3111,870,442,0.5990756787983824,0.16753321779318314,0.08511457731561718
solana,0.85,5,25,714845.32,203.68,222.74326575668252,302.44545335620467,317.85912162871904,0.12,509.20000000000005,14.0888,73.0149,0.0,766,0.15043205027494108,400,0,0,5092,0,0,5092,0,3036,869,421,0.596229379418696,0.1706598586017282,0.08267871170463473
solana,0.85,6,25,749760.16,210.24,182.24805114425462,270.6124098183441,286.75999520299985,0.04,525.6,14.4644,85.707,0.0,779,0.1482115677321157,400,0,0,5256,0,0,5256,0,3116,912,449,0.5928462709284628,0.1735159817351598,0.0854261796042618
solana,0.85,7,25,739702.64,209.24,232.3691517178987,324.0697882959796,348.6743355644148,0.2,523.1,14.8208,77.8145,0.0,746,0.14261135538138023,400,0,0,5231,0,0,5231,0,3180,860,445,0.6079143567195565,0.1644045115656662,0.08506977633339706
solana,0.85,8,25,736264.04,210.96,212.99375568351886,297.3555675898391,318.59053411593135,0.08,527.4,13.6537,76.491,0.0,751,0.14239666287447858,400,0,0,5274,0,0,5274,0,3193,906,424,0.605422828972317,0.17178612059158135,0.08039438756162305
solana,0.85,9,25,731279.2,208.36,183.6699572534829,274.3118235972167,284.5921750670014,0.04,520.9000000000001,12.1135,76.7244,0.0,781,0.14993280860049912,400,0,0,5209,0,0,5209,0,3120,874,434,0.5989633326934153,0.1677865233250144,0.08331733538107122
solana,0.85,10,25,757612.04,208.64,203.14479108561264,283.345734840268,301.93949099599007,0.12,521.5999999999999,13.7354,81.8126,0.0,755,0.14474693251533743,400,0,0,5216,0,0,5216,0,3117,870,474,0.5975843558282209,0.16679447852760737,0.09087423312883436
solana,0.9,1,25,788577.48,209.16,195.79192825232792,272.87295841090804,296.61481758370576,0.0,522.9,14.4156,75.9559,0.0,519,0.09925415949512335,400,0,0,5229,0,0,5229,0,3324,891,495,0.6356855995410212,0.1703958691910499,0.09466437177280551
solana,0.9,2,25,766213.8,210.0,238.71681811290827,324.6827746438852,348.97178876151827,0.24,525.0,16.6469,76.2143,0.0,531,0.10114285714285715,400,0,0,5250,0,0,5250,0,3339,932,448,0.636,0.17752380952380953,0.08533333333333333
solana,0.9,3,25,753951.04,207.8,175.00214229198357,266.7425135856206,299.91028288929755,0.04,519.5,14.7186,68.299,0.0,571,0.1099133782483157,400,0,0,5195,0,0,5195,0,3252,934,438,0.6259865255052935,0.17978825794032724,0.08431183830606352
solana,0.9,4,25,774220.04,207.72,184.64577121264404,271.3792622393796,289.1359024245015,0.12,519.3,14.5772,81.9191,0.0,517,0.09955709609089158,400,0,0,5193,0,0,5193,0,3274,937,465,0.6304640862699789,0.18043520123242826,0.08954361640670133
solana,0.9,5,25,765023.84,203.68,234.152964235113,311.2929450431553,326.099026728553,0.16,509.20000000000005,15.2823,80.8637,0.0,505,0.09917517674783975,400,0,0,5092,0,0,5092,0,3196,928,463,0.6276512175962293,0.18224666142969365,0.09092694422623723
solana,0.9,6,25,811298.52,210.24,174.1150515783358,262.265510382862,281.3753753874936,0.04,525.6,16.0223,100.318,0.0,488,0.0928462709284627,400,0,0,5256,0,0,5256,0,3286,977,505,0.6251902587519026,0.185882800608828,0.0960806697108067
solana,0.9,7,25,779694.76,209.24,217.60634040869977,318.5052897082151,336.9734221743438,0.28,523.1,15.5849,73.0948,0.0,503,0.09615752246224431,400,0,0,5231,0,0,5231,0,3326,933,469,0.635824890078379,0.17835977824507743,0.08965780921429937
solana,0.9,8,25,777118.12,210.96,217.44943479969038,300.0676618932027,319.69548411011965,0.12,527.4,14.4801,69.3279,0.0,510,0.09670079635949944,400,0,0,5274,0,0,5274,0,3340,973,451,0.6332954114524081,0.1844899507015548,0.08551384148653773
solana,0.9,9,25,782625.52,208.36,179.13786564158386,278.4787024382559,293.6910121311849,0.08,520.9000000000001,13.3191,88.3627,0.0,530,0.10174697638702246,400,0,0,5209,0,0,5209,0,3287,907,485,0.6310232290266846,0.17412171242081015,0.09310808216548282
solana,0.9,10,25,792365.6,208.64,195.4048868891632,273.6797680579598,297.1924651289594,0.04,521.5999999999999,14.2188,91.1212,0.0,520,0.09969325153374232,400,0,0,5216,0,0,5216,0,3268,936,492,0.6265337423312883,0.1794478527607362,0.09432515337423313
solana,0.95,1,25,828378.76,209.16,200.20657724828013,280.1107818038998,303.6988088392627,0.0,522.9,14.9735,75.9559,0.0,257,0.04914897685982023,400,0,0,5229,0,0,5229,0,3485,972,515,0.6664754255115701,0.18588640275387264,0.09848919487473705
solana,0.95,2,25,814607.24,210.0,236.31201200383268,319.4886821485456,342.428870959138,0.24,525.0,17.801,81.841,0.0,264,0.05028571428571429,400,0,0,5250,0,0,5250,0,3497,1006,483,0.6660952380952381,0.1916190476190476,0.092
solana,0.95,3,25,818623.92,207.8,196.2891681526526,288.94437256438664,325.2493750272172,0.12,519.5,16.3937,81.0935,0.0,273,0.05255052935514918,400,0,0,5195,0,0,5195,0,3417,1009,496,0.6577478344562079,0.19422521655437922,0.09547641963426372
solana,0.95,4,25,805120.24,207.72,185.65578868707948,269.2676707528439,286.1602453689639,0.04,519.3,15.0537,80.7624,0.0,273,0.05257076834199884,400,0,0,5193,0,0,5193,0,3454,986,480,0.6651261313306374,0.18987098016560755,0.09243212016175621
solana,0.95,5,25,809609.56,203.68,217.36020465359502,295.6631493146908,315.71769588026785,0.12,509.20000000000005,16.5,84.5829,0.0,239,0.04693637077769049,400,0,0,5092,0,0,5092,0,3404,943,506,0.6684996072270227,0.18519245875883739,0.09937156323644933
solana,0.95,6,25,836391.56,210.24,185.30414186922167,268.9083989679947,289.1547991237407,0.04,525.6,16.2192,85.2171,0.0,247,0.046993911719939115,400,0,0,5256,0,0,5256,0,3469,1030,510,0.6600076103500762,0.19596651445966515,0.09703196347031963
solana,0.95,7,25,812079.28,209.24,205.7304781960619,298.6976872903279,318.91957488295856,0.12,523.1,16.2112,75.382,0.0,257,0.049130185432995604,400,0,0,5231,0,0,5231,0,3518,966,490,0.6725291531255974,0.1846683234563181,0.0936723379850889
solana,0.95,8,25,804486.4,210.96,207.50011956292644,295.8611129216564,314.5018576657972,0.12,527.4,14.8166,70.5321,0.0,253,0.047971179370496775,400,0,0,5274,0,0,5274,0,3546,1014,461,0.6723549488054608,0.19226393629124006,0.08740993553280242
solana,0.95,9,25,821983.0,208.36,190.64828675444966,282.39144977145895,298.371009094456,0.12,520.9000000000001,13.8328,85.7929,0.0,270,0.05183336532923786,400,0,0,5209,0,0,5209,0,3445,990,504,0.661355346515646,0.19005567287387215,0.096755615281244
solana,0.95,10,25,828825.96,208.64,195.85498948728863,274.7935075175539,295.90001839658805,0.08,521.5999999999999,14.8735,94.8025,0.0,256,0.049079754601226995,400,0,0,5216,0,0,5216,0,3464,981,515,0.6641104294478528,0.18807515337423314,0.09873466257668712
solana,1.0,1,25,872094.68,209.16,228.5329394088519,300.6762242802296,323.2201165079956,0.04,522.9,15.6869,72.2486,0.0,,,400,0,0,5229,0,0,5229,0,3635,1052,542,0.6951615987760567,0.2011856951615988,0.10365270606234461
solana,1.0,2,25,862003.4,210.0,223.50264272557854,309.7960395937921,330.6844658234469,0.2,525.0,19.1129,102.2012,0.0,,,400,0,0,5250,0,0,5250,0,3680,1045,525,0.700952380952381,0.19904761904761906,0.1
solana,1.0,3,25,855949.0,207.8,184.39943252251902,285.1838544484452,320.7632858958816,0.12,519.5,17.3143,92.278,0.0,,,400,0,0,5195,0,0,5195,0,3655,1010,530,0.7035611164581328,0.1944177093358999,0.10202117420596728
solana,1.0,4,25,863383.56,207.72,198.13249662225064,288.49345962089325,307.37881155340267,0.12,519.3,16.5135,83.7352,0.0,,,400,0,0,5193,0,0,5193,0,3621,1036,536,0.6972848064702484,0.19949932601579048,0.1032158675139611
solana,1.0,5,25,834845.4,203.68,228.5074972335575,306.4888477405534,324.6201291960895,0.16,509.20000000000005,16.5962,98.0166,0.0,,,400,0,0,5092,0,0,5092,0,3564,1023,505,0.6999214454045561,0.2009033778476041,0.09917517674783975
solana,1.0,6,25,860515.56,210.24,195.8832557475811,285.8734847793417,304.90528702996994,0.16,525.6,16.645,102.1339,0.0,,,400,0,0,5256,0,0,5256,0,3699,1032,525,0.7037671232876712,0.1963470319634703,0.09988584474885845
solana,1.0,7,25,855739.08,209.24,251.00218961682745,351.9259588943423,371.7649539623342,0.36,523.1,17.1139,83.3571,0.0,,,400,0,0,5231,0,0,5231,0,3678,1033,520,0.7031160389982795,0.19747658191550374,0.09940737908621679
solana,1.0,8,25,852808.08,210.96,231.37396560983086,314.0016612432286,338.63508609682316,0.2,527.4,15.9886,88.4087,0.0,,,400,0,0,5274,0,0,5274,0,3717,1051,506,0.7047781569965871,0.19927948426241943,0.09594235874099355
solana,1.0,9,25,853796.76,208.36,176.20072853644345,272.33002157438364,291.92585719294965,0.12,520.9000000000001,14.3976,98.6544,0.0,,,400,0,0,5209,0,0,5209,0,3684,997,528,0.7072374736033787,0.19139950086388943,0.10136302553273181
solana,1.0,10,25,861725.92,208.64,194.49003187380754,273.28084151993227,297.69574062348596,0.08,521.5999999999999,15.1816,91.6542,0.0,,,400,0,0,5216,0,0,5216,0,3628,1064,524,0.6955521472392638,0.20398773006134968,0.1004601226993865
